Date,Close,,,,
11/27/2011,"13,700",,,,
11/28/2011,"13,440",,,,
11/29/2011,"13,350",,,,
11/30/2011,"13,400",,,,
12/1/2011,"13,500",,,,
12/3/2011,"13,650",,,,
12/4/2011,"13,610",,,,
12/7/2011,"13,650",,,,
12/8/2011,"13,550",,,,
12/10/2011,"13,450",,,,
12/11/2011,"13,450",,,,
12/12/2011,"13,530",,,,
12/13/2011,"13,630",,,,
12/14/2011,"13,770",,,,
12/15/2011,"13,710",,,,
12/17/2011,"13,840",,,,
12/18/2011,"14,080",,,,
12/19/2011,"14,500",,,,
12/20/2011,"15,300",,,,
12/21/2011,"15,150",,,,
12/22/2011,"14,230",,,,
12/24/2011,"14,350",,,,
12/25/2011,"14,800",,,,
12/26/2011,"15,250",,,,
12/27/2011,"15,150",,,,
12/28/2011,"15,200",,,,
12/29/2011,"15,220",,,,
12/31/2011,"15,550",,,,
1/1/2012,"15,900",,,,
1/2/2012,"17,400",,,,
1/3/2012,"16,200",,,,
1/4/2012,"15,800",,,,
1/5/2012,"15,980",,,,
1/7/2012,"15,970",,,,
1/8/2012,"16,550",,,,
1/9/2012,"16,900",,,,
1/10/2012,"16,900",,,,
1/11/2012,"16,920",,,,
1/12/2012,"16,950",,,,
1/16/2012,"16,900",,,,
1/17/2012,"17,400",,,,
1/18/2012,"18,200",,,,
1/19/2012,"18,200",,,,
1/21/2012,"19,000",,,,
1/23/2012,"21,000",,,,
1/25/2012,"19,000",,,,
1/26/2012,"17,000",,,,
1/28/2012,"17,700",,,,
1/29/2012,"18,300",,,,
1/30/2012,"18,300",,,,
2/1/2012,"18,300",,,,
2/4/2012,"17,750",,,,
2/5/2012,"18,500",,,,
2/6/2012,"18,800",,,,
2/7/2012,"18,900",,,,
2/8/2012,"19,200",,,,
2/12/2012,"19,400",,,,
2/13/2012,"19,000",,,,
2/14/2012,"19,350",,,,
2/15/2012,"19,500",,,,
2/16/2012,"19,600",,,,
2/18/2012,"19,400",,,,
2/19/2012,"19,200",,,,
2/20/2012,"19,400",,,,
2/21/2012,"19,450",,,,
2/22/2012,"19,350",,,,
2/23/2012,"19,350",,,,
2/26/2012,"19,300",,,,
2/27/2012,"18,700",,,,
2/28/2012,"18,500",,,,
2/29/2012,"19,200",,,,
3/1/2012,"19,250",,,,
3/3/2012,"19,250",,,,
3/4/2012,"19,000",,,,
3/5/2012,"19,100",,,,
3/6/2012,"18,950",,,,
3/7/2012,"18,850",,,,
3/8/2012,"19,000",,,,
3/10/2012,"18,800",,,,
3/11/2012,"18,700",,,,
3/12/2012,"18,850",,,,
3/13/2012,"18,800",,,,
3/14/2012,"18,600",,,,
3/15/2012,"18,500",,,,
3/17/2012,"19,250",,,,
3/18/2012,"19,150",,,,
3/25/2012,"18,900",,,,
3/26/2012,"19,000",,,,
3/28/2012,"19,200",,,,
3/29/2012,"19,200",,,,
4/2/2012,"19,120",,,,
4/3/2012,"19,000",,,,
4/4/2012,"18,950",,,,
4/5/2012,"19,000",,,,
4/7/2012,"19,100",,,,
4/8/2012,"19,010",,,,
4/9/2012,"19,000",,,,
4/10/2012,"18,650",,,,
4/11/2012,"18,800",,,,
4/12/2012,"18,840",,,,
4/14/2012,"18,800",,,,
4/15/2012,"17,300",,,,
4/16/2012,"17,800",,,,
4/17/2012,"18,000",,,,
4/18/2012,"18,240",,,,
4/19/2012,"18,180",,,,
4/21/2012,"18,030",,,,
4/22/2012,"17,950",,,,
4/23/2012,"17,790",,,,
4/24/2012,"17,580",,,,
4/26/2012,"17,480",,,,
4/28/2012,"16,650",,,,
4/29/2012,"17,340",,,,
4/30/2012,"17,250",,,,
5/1/2012,"17,100",,,,
5/2/2012,"17,090",,,,
5/3/2012,"17,050",,,,
5/5/2012,"16,780",,,,
5/6/2012,"16,720",,,,
5/7/2012,"16,640",,,,
5/8/2012,"16,550",,,,
5/9/2012,"16,500",,,,
5/10/2012,"16,190",,,,
5/12/2012,"15,890",,,,
5/13/2012,"15,750",,,,
5/14/2012,"16,250",,,,
5/15/2012,"16,690",,,,
5/16/2012,"16,380",,,,
5/17/2012,"16,650",,,,
5/19/2012,"16,850",,,,
5/20/2012,"16,760",,,,
5/21/2012,"16,850",,,,
5/22/2012,"16,690",,,,
5/23/2012,"16,710",,,,
5/24/2012,"17,600",,,,
5/26/2012,"17,670",,,,
5/27/2012,"17,200",,,,
5/28/2012,"17,300",,,,
5/29/2012,"17,600",,,,
5/30/2012,"17,680",,,,
5/31/2012,"17,700",,,,
6/2/2012,"17,770",,,,
6/5/2012,"17,680",,,,
6/6/2012,"17,700",,,,
6/7/2012,"17,850",,,,
6/9/2012,"18,250",,,,
6/10/2012,"18,210",,,,
6/11/2012,"18,150",,,,
6/12/2012,"17,900",,,,
6/13/2012,"17,600",,,,
6/14/2012,"17,800",,,,
6/16/2012,"17,850",,,,
6/17/2012,"18,000",,,,
6/19/2012,"18,100",,,,
6/20/2012,"18,280",,,,
6/21/2012,"18,300",,,,
6/23/2012,"18,800",,,,
6/24/2012,"19,050",,,,
6/25/2012,"18,950",,,,
6/26/2012,"19,200",,,,
6/27/2012,"19,400",,,,
6/28/2012,"20,150",,,,
6/29/2012,"20,150",,,,
6/30/2012,"19,940",,,,
7/1/2012,"19,530",,,,
7/2/2012,"19,430",,,,
7/3/2012,"19,760",,,,
7/4/2012,"19,680",,,,
7/7/2012,"19,460",,,,
7/8/2012,"19,100",,,,
7/9/2012,"19,130",,,,
7/10/2012,"19,360",,,,
7/11/2012,"19,140",,,,
7/12/2012,"19,220",,,,
7/14/2012,"19,150",,,,
7/15/2012,"19,020",,,,
7/16/2012,"19,200",,,,
7/17/2012,"19,090",,,,
7/18/2012,"19,150",,,,
7/19/2012,"19,100",,,,
7/21/2012,"19,090",,,,
7/22/2012,"18,990",,,,
7/23/2012,"19,080",,,,
7/24/2012,"19,210",,,,
7/25/2012,"19,290",,,,
7/26/2012,"19,570",,,,
7/28/2012,"19,700",,,,
7/29/2012,"19,470",,,,
7/30/2012,"19,680",,,,
7/31/2012,"19,710",,,,
8/1/2012,"20,070",,,,
8/2/2012,"20,190",,,,
8/4/2012,"20,080",,,,
8/5/2012,"20,440",,,,
8/6/2012,"21,460",,,,
8/7/2012,"21,980",,,,
8/8/2012,"20,850",,,,
8/9/2012,"20,950",,,,
8/11/2012,"21,300",,,,
8/12/2012,"21,480",,,,
8/13/2012,"21,300",,,,
8/14/2012,"21,210",,,,
8/15/2012,"21,070",,,,
8/16/2012,"21,260",,,,
8/18/2012,"21,200",,,,
8/21/2012,"21,290",,,,
8/22/2012,"21,360",,,,
8/23/2012,"21,630",,,,
8/25/2012,"21,940",,,,
8/26/2012,"21,730",,,,
8/27/2012,"21,960",,,,
8/28/2012,"21,940",,,,
8/29/2012,"21,940",,,,
9/1/2012,"21,800",,,,
9/2/2012,"21,590",,,,
9/3/2012,"21,730",,,,
9/4/2012,"21,820",,,,
9/5/2012,"22,180",,,,
9/6/2012,"22,210",,,,
9/8/2012,"23,020",,,,
9/9/2012,"24,480",,,,
9/10/2012,"25,600",,,,
9/11/2012,"24,750",,,,
9/13/2012,"23,910",,,,
9/15/2012,"24,480",,,,
9/16/2012,"24,470",,,,
9/17/2012,"24,930",,,,
9/18/2012,"24,360",,,,
9/19/2012,"24,280",,,,
9/20/2012,"24,380",,,,
9/22/2012,"24,690",,,,
9/23/2012,"24,760",,,,
9/24/2012,"25,200",,,,
9/25/2012,"25,480",,,,
9/26/2012,"26,300",,,,
9/27/2012,"26,900",,,,
9/29/2012,"28,440",,,,
9/30/2012,"29,800",,,,
10/1/2012,"34,700",,,,
10/2/2012,"36,100",,,,
10/3/2012,"34,000",,,,
10/4/2012,"30,000",,,,
10/6/2012,"30,300",,,,
10/7/2012,"30,000",,,,
10/8/2012,"33,400",,,,
10/9/2012,"33,000",,,,
10/10/2012,"33,000",,,,
10/11/2012,"33,250",,,,
10/13/2012,"33,950",,,,
10/14/2012,"34,000",,,,
10/15/2012,"35,200",,,,
10/16/2012,"36,000",,,,
10/17/2012,"33,350",,,,
10/18/2012,"35,300",,,,
10/20/2012,"36,000",,,,
10/21/2012,"35,400",,,,
10/22/2012,"36,000",,,,
10/23/2012,"32,700",,,,
10/24/2012,"34,000",,,,
10/25/2012,"34,000",,,,
10/26/2012,"34,000",,,,
10/27/2012,"33,400",,,,
10/28/2012,"32,900",,,,
10/29/2012,"33,400",,,,
10/30/2012,"33,000",,,,
10/31/2012,"32,900",,,,
11/1/2012,"32,900",,,,
11/2/2012,"32,900",,,,
11/3/2012,"32,900",,,,
11/4/2012,"29,500",,,,
11/5/2012,"29,500",,,,
11/6/2012,"32,000",,,,
11/7/2012,"31,800",,,,
11/8/2012,"31,800",,,,
11/9/2012,"31,800",,,,
11/10/2012,"31,000",,,,
11/11/2012,"30,700",,,,
11/12/2012,"30,500",,,,
11/13/2012,"30,000",,,,
11/14/2012,"29,800",,,,
11/15/2012,"29,800",,,,
11/16/2012,"29,800",,,,
11/17/2012,"29,400",,,,
11/18/2012,"28,500",,,,
11/19/2012,"28,000",,,,
11/20/2012,"26,500",,,,
11/21/2012,"28,400",,,,
11/22/2012,"29,000",,,,
11/23/2012,"29,000",,,,
11/24/2012,"29,000",,,,
11/25/2012,"29,000",,,,
11/26/2012,"28,900",,,,
11/27/2012,"28,000",,,,
11/28/2012,"29,000",,,,
11/29/2012,"28,700",,,,
12/1/2012,"29,500",,,,
12/2/2012,"29,300",,,,
12/3/2012,"29,300",,,,
12/4/2012,"29,100",,,,
12/5/2012,"29,300",,,,
12/6/2012,"29,300",,,,
12/7/2012,"29,300",,,,
12/8/2012,"30,500",,,,
12/9/2012,"29,000",,,,
12/10/2012,"29,800",,,,
12/11/2012,"30,100",,,,
12/12/2012,"29,950",,,,
12/13/2012,"30,200",,,,
12/15/2012,"29,700",,,,
12/16/2012,"30,000",,,,
12/17/2012,"30,330",,,,
12/18/2012,"31,100",,,,
12/19/2012,"30,850",,,,
12/20/2012,"31,000",,,,
12/22/2012,"31,700",,,,
12/23/2012,"32,400",,,,
12/24/2012,"33,320",,,,
12/25/2012,"33,320",,,,
12/26/2012,"32,750",,,,
12/27/2012,"32,600",,,,
12/29/2012,"32,100",,,,
12/30/2012,"32,300",,,,
12/31/2012,"32,400",,,,
1/1/2013,"32,400",,,,
1/2/2013,"32,450",,,,
1/5/2013,"32,350",,,,
1/6/2013,"32,460",,,,
1/7/2013,"32,350",,,,
1/8/2013,"32,660",,,,
1/9/2013,"32,850",,,,
1/10/2013,"32,800",,,,
1/13/2013,"32,880",,,,
1/14/2013,"32,900",,,,
1/15/2013,"33,050",,,,
1/16/2013,"33,050",,,,
1/17/2013,"33,050",,,,
1/19/2013,"33,400",,,,
1/20/2013,"34,100",,,,
1/21/2013,"35,150",,,,
1/22/2013,"36,190",,,,
1/23/2013,"35,600",,,,
1/24/2013,"35,250",,,,
1/26/2013,"35,500",,,,
1/27/2013,"36,520",,,,
1/28/2013,"36,500",,,,
1/29/2013,"36,600",,,,
1/30/2013,"37,950",,,,
1/31/2013,"38,900",,,,
2/2/2013,"38,200",,,,
2/3/2013,"38,100",,,,
2/4/2013,"38,250",,,,
2/5/2013,"38,500",,,,
2/6/2013,"37,150",,,,
2/7/2013,"38,200",,,,
2/9/2013,"38,500",,,,
2/11/2013,"37,700",,,,
2/12/2013,"37,200",,,,
2/13/2013,"36,500",,,,
2/14/2013,"37,500",,,,
2/16/2013,"37,300",,,,
2/17/2013,"36,800",,,,
2/18/2013,"37,100",,,,
2/19/2013,"37,250",,,,
2/20/2013,"36,900",,,,
2/21/2013,"36,750",,,,
2/23/2013,"36,800",,,,
2/24/2013,"36,750",,,,
2/25/2013,"37,460",,,,
2/26/2013,"37,650",,,,
2/27/2013,"37,050",,,,
2/28/2013,"36,750",,,,
3/2/2013,"36,450",,,,
3/3/2013,"34,900",,,,
3/4/2013,"33,050",,,,
3/5/2013,"34,400",,,,
3/6/2013,"35,900",,,,
3/7/2013,"35,700",,,,
3/9/2013,"34,800",,,,
3/10/2013,"34,750",,,,
3/11/2013,"35,100",,,,
3/12/2013,"34,750",,,,
3/13/2013,"34,400",,,,
3/14/2013,"34,000",,,,
3/16/2013,"33,320",,,,
3/17/2013,"34,100",,,,
3/18/2013,"34,050",,,,
4/6/2013,"35,100",,,,
4/7/2013,"36,350",,,,
4/8/2013,"35,400",,,,
4/9/2013,"35,400",,,,
4/10/2013,"35,150",,,,
4/11/2013,"35,050",,,,
4/13/2013,"35,150",,,,
4/15/2013,"35,050",,,,
4/16/2013,"35,050",,,,
4/17/2013,"35,250",,,,
4/18/2013,"35,300",,,,
4/20/2013,"35,200",,,,
4/21/2013,"35,350",,,,
4/22/2013,"35,500",,,,
4/23/2013,"35,600",,,,
4/24/2013,"36,400",,,,
4/25/2013,"36,150",,,,
4/27/2013,"35,850",,,,
4/28/2013,"35,850",,,,
4/29/2013,"35,900",,,,
4/30/2013,"35,800",,,,
5/1/2013,"35,700",,,,
5/2/2013,"35,550",,,,
5/4/2013,"35,600",,,,
5/5/2013,"36,000",,,,
5/6/2013,"35,700",,,,
5/7/2013,"35,600",,,,
5/8/2013,"35,450",,,,
5/9/2013,"35,350",,,,
5/11/2013,"34,650",,,,
5/12/2013,"34,900",,,,
5/13/2013,"35,300",,,,
5/14/2013,"35,250",,,,
5/15/2013,"35,050",,,,
5/16/2013,"35,150",,,,
5/18/2013,"35,050",,,,
5/19/2013,"34,750",,,,
5/20/2013,"34,700",,,,
5/21/2013,"34,900",,,,
5/22/2013,"35,650",,,,
5/23/2013,"35,450",,,,
5/25/2013,"35,700",,,,
5/26/2013,"36,150",,,,
5/27/2013,"36,280",,,,
5/28/2013,"36,850",,,,
5/29/2013,"36,580",,,,
5/30/2013,"36,200",,,,
6/1/2013,"36,450",,,,
6/2/2013,"36,280",,,,
6/3/2013,"36,350",,,,
6/8/2013,"36,700",,,,
6/9/2013,"36,300",,,,
6/10/2013,"36,200",,,,
6/11/2013,"35,850",,,,
6/12/2013,"36,450",,,,
6/13/2013,"36,300",,,,
6/15/2013,"34,800",,,,
6/16/2013,"35,100",,,,
6/17/2013,"34,550",,,,
6/18/2013,"34,500",,,,
6/19/2013,"34,000",,,,
6/20/2013,"33,000",,,,
6/22/2013,"32,000",,,,
6/23/2013,"30,900",,,,
6/25/2013,"33,100",,,,
6/26/2013,"32,950",,,,
6/27/2013,"33,600",,,,
6/29/2013,"33,200",,,,
6/30/2013,"33,500",,,,
7/1/2013,"33,900",,,,
7/2/2013,"33,700",,,,
7/3/2013,"33,600",,,,
7/4/2013,"33,650",,,,
7/6/2013,"33,200",,,,
7/7/2013,"32,950",,,,
7/8/2013,"33,350",,,,
7/9/2013,"33,100",,,,
7/10/2013,"33,000",,,,
7/11/2013,"33,150",,,,
7/13/2013,"32,850",,,,
7/14/2013,"32,700",,,,
7/15/2013,"32,600",,,,
7/16/2013,"32,600",,,,
7/17/2013,"32,150",,,,
7/18/2013,"31,650",,,,
7/20/2013,"31,000",,,,
7/21/2013,"31,150",,,,
7/22/2013,"31,600",,,,
7/23/2013,"31,200",,,,
7/24/2013,"31,650",,,,
7/25/2013,"31,600",,,,
7/27/2013,"31,700",,,,
7/28/2013,"31,800",,,,
7/29/2013,"31,700",,,,
7/31/2013,"31,700",,,,
8/1/2013,"31,800",,,,
8/3/2013,"32,850",,,,
8/4/2013,"32,400",,,,
8/5/2013,"32,000",,,,
8/6/2013,"31,900",,,,
8/7/2013,"32,250",,,,
8/8/2013,"32,150",,,,
8/11/2013,"32,200",,,,
8/12/2013,"32,250",,,,
8/13/2013,"31,950",,,,
8/14/2013,"31,950",,,,
8/15/2013,"32,000",,,,
8/17/2013,"31,700",,,,
8/18/2013,"31,580",,,,
8/19/2013,"31,450",,,,
8/20/2013,"31,000",,,,
8/21/2013,"30,950",,,,
8/22/2013,"31,200",,,,
8/24/2013,"31,250",,,,
8/25/2013,"31,200",,,,
8/26/2013,"31,250",,,,
8/27/2013,"31,750",,,,
8/28/2013,"33,000",,,,
8/29/2013,"32,400",,,,
8/31/2013,"32,700",,,,
9/1/2013,"32,400",,,,
9/3/2013,"32,700",,,,
9/4/2013,"33,050",,,,
9/5/2013,"33,200",,,,
9/7/2013,"32,800",,,,
9/8/2013,"32,900",,,,
9/9/2013,"32,850",,,,
9/10/2013,"32,000",,,,
9/11/2013,"31,800",,,,
9/12/2013,"31,800",,,,
9/14/2013,"31,700",,,,
9/15/2013,"31,700",,,,
9/16/2013,"31,300",,,,
9/17/2013,"30,600",,,,
9/18/2013,"30,800",,,,
9/19/2013,"30,800",,,,
9/21/2013,"29,000",,,,
9/22/2013,"29,300",,,,
9/23/2013,"29,350",,,,
9/24/2013,"29,350",,,,
9/25/2013,"30,700",,,,
9/26/2013,"30,500",,,,
9/28/2013,"30,400",,,,
9/29/2013,"30,650",,,,
9/30/2013,"30,350",,,,
10/1/2013,"30,550",,,,
10/2/2013,"30,550",,,,
10/3/2013,"30,350",,,,
10/5/2013,"30,550",,,,
10/6/2013,"30,550",,,,
10/7/2013,"30,450",,,,
10/8/2013,"30,500",,,,
10/9/2013,"30,350",,,,
10/10/2013,"30,400",,,,
10/12/2013,"30,350",,,,
10/13/2013,"30,150",,,,
10/14/2013,"30,350",,,,
10/15/2013,"30,350",,,,
10/17/2013,"30,450",,,,
10/19/2013,"30,200",,,,
10/20/2013,"30,150",,,,
10/21/2013,"29,950",,,,
10/22/2013,"30,100",,,,
10/23/2013,"30,100",,,,
10/26/2013,"30,150",,,,
10/27/2013,"30,100",,,,
10/28/2013,"30,100",,,,
10/29/2013,"30,150",,,,
10/30/2013,"30,050",,,,
10/31/2013,"30,050",,,,
11/2/2013,"30,120",,,,
11/3/2013,"30,400",,,,
11/4/2013,"30,300",,,,
11/5/2013,"30,100",,,,
11/6/2013,"30,180",,,,
11/7/2013,"30,150",,,,
11/9/2013,"29,950",,,,
11/10/2013,"30,250",,,,
11/11/2013,"30,150",,,,
11/12/2013,"30,180",,,,
11/16/2013,"30,130",,,,
11/17/2013,"30,100",,,,
11/18/2013,"30,030",,,,
11/19/2013,"30,070",,,,
11/20/2013,"30,050",,,,
11/21/2013,"30,100",,,,
11/23/2013,"30,050",,,,
11/24/2013,"29,400",,,,
11/25/2013,"29,150",,,,
11/26/2013,"29,750",,,,
11/27/2013,"29,900",,,,
11/28/2013,"29,620",,,,
11/30/2013,"29,600",,,,
12/1/2013,"29,530",,,,
12/2/2013,"29,530",,,,
12/3/2013,"29,450",,,,
12/4/2013,"29,550",,,,
12/5/2013,"29,520",,,,
12/7/2013,"29,480",,,,
12/8/2013,"29,460",,,,
12/9/2013,"29,420",,,,
12/10/2013,"29,480",,,,
12/11/2013,"29,390",,,,
12/12/2013,"29,350",,,,
12/14/2013,"29,560",,,,
12/15/2013,"29,520",,,,
12/16/2013,"29,470",,,,
12/17/2013,"29,440",,,,
12/18/2013,"29,490",,,,
12/19/2013,"29,450",,,,
12/21/2013,"29,450",,,,
12/22/2013,"29,560",,,,
12/24/2013,"29,710",,,,
12/25/2013,"29,670",,,,
12/26/2013,"30,010",,,,
12/28/2013,"29,950",,,,
12/29/2013,"30,150",,,,
12/30/2013,"30,060",,,,
12/31/2013,"30,070",,,,
1/1/2014,"30,000",,,,
1/2/2014,"29,920",,,,
1/4/2014,"29,760",,,,
1/5/2014,"29,740",,,,
1/6/2014,"29,800",,,,
1/7/2014,"29,850",,,,
1/8/2014,"29,900",,,,
1/9/2014,"29,800",,,,
1/11/2014,"29,800",,,,
1/12/2014,"29,790",,,,
1/13/2014,"29,560",,,,
1/14/2014,"29,630",,,,
1/15/2014,"29,570",,,,
1/16/2014,"29,570",,,,
1/18/2014,"29,390",,,,
1/19/2014,"29,360",,,,
1/20/2014,"28,880",,,,
1/21/2014,"29,340",,,,
1/22/2014,"29,510",,,,
1/23/2014,"29,400",,,,
1/25/2014,"29,520",,,,
1/26/2014,"29,450",,,,
1/27/2014,"29,490",,,,
1/28/2014,"29,480",,,,
1/29/2014,"29,420",,,,
1/30/2014,"29,350",,,,
1/31/2014,"29,380",,,,
2/1/2014,"29,420",,,,
2/2/2014,"29,460",,,,
2/3/2014,"29,540",,,,
2/4/2014,"29,470",,,,
2/5/2014,"29,510",,,,
2/6/2014,"29,590",,,,
2/7/2014,"29,600",,,,
2/8/2014,"29,540",,,,
2/9/2014,"29,460",,,,
2/10/2014,"29,510",,,,
2/11/2014,"29,500",,,,
2/12/2014,"29,540",,,,
2/13/2014,"29,520",,,,
2/14/2014,"29,530",,,,
2/15/2014,"29,580",,,,
2/16/2014,"29,480",,,,
2/17/2014,"29,520",,,,
2/18/2014,"29,520",,,,
2/19/2014,"29,520",,,,
2/20/2014,"29,530",,,,
2/21/2014,"29,500",,,,
2/22/2014,"29,560",,,,
2/23/2014,"29,600",,,,
2/24/2014,"29,840",,,,
2/25/2014,"29,900",,,,
2/26/2014,"29,880",,,,
2/27/2014,"30,090",,,,
2/28/2014,"30,100",,,,
3/1/2014,"30,450",,,,
3/2/2014,"30,590",,,,
3/3/2014,"31,070",,,,
3/4/2014,"30,640",,,,
3/5/2014,"30,520",,,,
3/6/2014,"30,490",,,,
3/7/2014,"30,460",,,,
3/8/2014,"30,060",,,,
3/9/2014,"30,440",,,,
3/10/2014,"30,710",,,,
3/11/2014,"30,550",,,,
3/12/2014,"30,370",,,,
3/13/2014,"30,360",,,,
3/14/2014,"30,440",,,,
3/15/2014,"30,080",,,,
3/16/2014,"30,200",,,,
3/17/2014,"29,960",,,,
3/18/2014,"30,000",,,,
3/19/2014,"30,140",,,,
3/20/2014,"30,170",,,,
3/23/2014,"30,270",,,,
3/24/2014,"30,180",,,,
3/25/2014,"30,300",,,,
3/26/2014,"30,500",,,,
3/27/2014,"30,580",,,,
3/28/2014,"30,570",,,,
3/29/2014,"30,470",,,,
3/30/2014,"30,490",,,,
3/31/2014,"30,640",,,,
4/1/2014,"30,630",,,,
4/3/2014,"30,610",,,,
4/5/2014,"30,480",,,,
4/6/2014,"30,430",,,,
4/7/2014,"30,580",,,,
4/8/2014,"30,900",,,,
4/9/2014,"30,800",,,,
4/10/2014,"30,810",,,,
4/11/2014,"30,790",,,,
4/12/2014,"31,140",,,,
4/13/2014,"31,210",,,,
4/14/2014,"31,300",,,,
4/15/2014,"31,800",,,,
4/16/2014,"31,560",,,,
4/17/2014,"31,710",,,,
4/18/2014,"31,730",,,,
4/19/2014,"31,790",,,,
4/20/2014,"32,090",,,,
4/24/2014,"32,540",,,,
4/25/2014,"32,480",,,,
4/26/2014,"32,800",,,,
4/27/2014,"33,350",,,,
4/28/2014,"32,820",,,,
4/29/2014,"32,950",,,,
4/30/2014,"32,980",,,,
5/1/2014,"33,100",,,,
5/2/2014,"33,130",,,,
5/3/2014,"33,150",,,,
5/4/2014,"32,780",,,,
5/5/2014,"33,140",,,,
5/6/2014,"33,040",,,,
5/7/2014,"32,910",,,,
5/8/2014,"32,900",,,,
5/9/2014,"32,870",,,,
5/10/2014,"32,580",,,,
5/11/2014,"32,360",,,,
5/12/2014,"32,490",,,,
5/13/2014,"32,480",,,,
5/14/2014,"32,370",,,,
5/15/2014,"32,450",,,,
5/16/2014,"32,930",,,,
5/17/2014,"32,990",,,,
5/18/2014,"32,760",,,,
5/19/2014,"32,820",,,,
5/20/2014,"32,940",,,,
5/21/2014,"32,900",,,,
5/22/2014,"32,870",,,,
5/23/2014,"32,830",,,,
5/24/2014,"32,740",,,,
5/25/2014,"32,820",,,,
5/26/2014,"32,830",,,,
5/27/2014,"32,770",,,,
5/28/2014,"32,670",,,,
5/29/2014,"32,780",,,,
5/30/2014,"32,770",,,,
5/31/2014,"32,760",,,,
6/1/2014,"32,810",,,,
6/2/2014,"32,820",,,,
6/3/2014,"32,800",,,,
6/4/2014,"32,830",,,,
6/6/2014,"32,830",,,,
6/7/2014,"32,620",,,,
6/8/2014,"32,450",,,,
6/9/2014,"32,320",,,,
6/10/2014,"32,400",,,,
6/11/2014,"32,400",,,,
6/12/2014,"32,450",,,,
6/13/2014,"32,430",,,,
6/14/2014,"32,190",,,,
6/15/2014,"32,120",,,,
6/16/2014,"31,790",,,,
6/17/2014,"32,040",,,,
6/18/2014,"31,930",,,,
6/19/2014,"32,110",,,,
6/20/2014,"32,290",,,,
6/21/2014,"32,070",,,,
6/22/2014,"31,920",,,,
6/24/2014,"31,670",,,,
6/25/2014,"31,670",,,,
6/26/2014,"31,650",,,,
6/27/2014,"31,690",,,,
6/28/2014,"31,390",,,,
6/29/2014,"31,180",,,,
6/30/2014,"31,140",,,,
7/1/2014,"31,180",,,,
7/2/2014,"31,330",,,,
7/3/2014,"31,270",,,,
7/4/2014,"31,260",,,,
7/5/2014,"30,960",,,,
7/6/2014,"30,950",,,,
7/7/2014,"31,260",,,,
7/8/2014,"31,180",,,,
7/9/2014,"31,050",,,,
7/10/2014,"31,020",,,,
7/11/2014,"31,060",,,,
7/12/2014,"31,220",,,,
7/13/2014,"31,360",,,,
7/14/2014,"31,230",,,,
7/15/2014,"31,170",,,,
7/16/2014,"31,360",,,,
7/17/2014,"31,430",,,,
7/18/2014,"31,560",,,,
7/19/2014,"31,340",,,,
7/20/2014,"31,310",,,,
7/21/2014,"31,330",,,,
7/22/2014,"31,330",,,,
7/23/2014,"31,330",,,,
7/24/2014,"31,390",,,,
7/25/2014,"31,380",,,,
7/26/2014,"31,390",,,,
7/27/2014,"31,370",,,,
7/28/2014,"31,290",,,,
7/29/2014,"31,260",,,,
7/30/2014,"31,240",,,,
7/31/2014,"31,230",,,,
8/2/2014,"31,290",,,,
8/3/2014,"31,400",,,,
8/4/2014,"31,420",,,,
8/5/2014,"31,400",,,,
8/6/2014,"31,400",,,,
8/7/2014,"31,320",,,,
8/8/2014,"31,320",,,,
8/9/2014,"31,300",,,,
8/10/2014,"31,220",,,,
8/11/2014,"31,250",,,,
8/12/2014,"31,190",,,,
8/13/2014,"31,270",,,,
8/14/2014,"31,180",,,,
8/15/2014,"31,190",,,,
8/16/2014,"31,090",,,,
8/17/2014,"31,020",,,,
8/18/2014,"31,070",,,,
8/19/2014,"31,050",,,,
8/20/2014,"30,930",,,,
8/21/2014,"30,920",,,,
8/22/2014,"30,910",,,,
8/23/2014,"31,210",,,,
8/24/2014,"31,160",,,,
8/25/2014,"31,330",,,,
8/26/2014,"31,270",,,,
8/27/2014,"31,300",,,,
8/28/2014,"31,300",,,,
8/29/2014,"31,420",,,,
8/30/2014,"31,590",,,,
8/31/2014,"31,500",,,,
9/1/2014,"31,480",,,,
9/2/2014,"31,730",,,,
9/3/2014,"31,720",,,,
9/4/2014,"31,810",,,,
9/5/2014,"31,740",,,,
9/6/2014,"31,570",,,,
9/7/2014,"31,680",,,,
9/8/2014,"31,980",,,,
9/9/2014,"31,750",,,,
9/10/2014,"31,790",,,,
9/11/2014,"31,840",,,,
9/12/2014,"31,860",,,,
9/13/2014,"31,760",,,,
9/14/2014,"31,910",,,,
9/15/2014,"31,980",,,,
9/16/2014,"31,920",,,,
9/17/2014,"32,140",,,,
9/18/2014,"32,010",,,,
9/19/2014,"31,990",,,,
9/20/2014,"31,780",,,,
9/21/2014,"31,670",,,,
9/23/2014,"31,880",,,,
9/24/2014,"31,940",,,,
9/25/2014,"32,000",,,,
9/26/2014,"32,000",,,,
9/27/2014,"32,480",,,,
9/28/2014,"32,640",,,,
9/29/2014,"32,350",,,,
9/30/2014,"32,410",,,,
10/1/2014,"32,430",,,,
10/2/2014,"32,400",,,,
10/3/2014,"32,430",,,,
10/4/2014,"32,410",,,,
10/5/2014,"32,310",,,,
10/6/2014,"32,310",,,,
10/7/2014,"32,390",,,,
10/8/2014,"32,370",,,,
10/9/2014,"32,480",,,,
10/10/2014,"32,500",,,,
10/11/2014,"32,430",,,,
10/12/2014,"32,500",,,,
10/13/2014,"32,520",,,,
10/14/2014,"32,530",,,,
10/15/2014,"32,440",,,,
10/16/2014,"32,500",,,,
10/17/2014,"32,460",,,,
10/18/2014,"32,380",,,,
10/19/2014,"32,340",,,,
10/20/2014,"32,190",,,,
10/21/2014,"32,280",,,,
10/22/2014,"32,220",,,,
10/23/2014,"32,280",,,,
10/24/2014,"32,270",,,,
10/25/2014,"32,100",,,,
10/26/2014,"32,170",,,,
10/27/2014,"32,360",,,,
10/28/2014,"32,450",,,,
10/29/2014,"32,390",,,,
10/30/2014,"32,450",,,,
10/31/2014,"32,520",,,,
11/1/2014,"32,460",,,,
11/2/2014,"32,530",,,,
11/5/2014,"32,550",,,,
11/6/2014,"32,500",,,,
11/7/2014,"32,510",,,,
11/8/2014,"32,570",,,,
11/9/2014,"32,480",,,,
11/10/2014,"32,540",,,,
11/11/2014,"32,580",,,,
11/12/2014,"32,580",,,,
11/13/2014,"32,560",,,,
11/14/2014,"32,550",,,,
11/15/2014,"32,440",,,,
11/16/2014,"32,470",,,,
11/17/2014,"32,460",,,,
11/18/2014,"32,560",,,,
11/19/2014,"32,500",,,,
11/20/2014,"32,530",,,,
11/21/2014,"32,490",,,,
11/22/2014,"32,370",,,,
11/23/2014,"32,400",,,,
11/24/2014,"32,560",,,,
11/25/2014,"32,620",,,,
11/26/2014,"32,900",,,,
11/27/2014,"33,190",,,,
11/28/2014,"33,250",,,,
11/29/2014,"34,210",,,,
11/30/2014,"34,610",,,,
12/1/2014,"33,670",,,,
12/2/2014,"33,580",,,,
12/3/2014,"33,670",,,,
12/4/2014,"33,700",,,,
12/5/2014,"33,680",,,,
12/6/2014,"33,430",,,,
12/7/2014,"34,160",,,,
12/8/2014,"34,250",,,,
12/9/2014,"34,010",,,,
12/10/2014,"34,190",,,,
12/11/2014,"34,220",,,,
12/12/2014,"34,260",,,,
12/13/2014,"34,240",,,,
12/14/2014,"34,900",,,,
12/15/2014,"34,100",,,,
12/16/2014,"34,800",,,,
12/17/2014,"34,930",,,,
12/18/2014,"35,000",,,,
12/19/2014,"34,940",,,,
12/20/2014,"35,100",,,,
12/21/2014,"35,070",,,,
12/22/2014,"35,530",,,,
12/23/2014,"35,560",,,,
12/24/2014,"35,730",,,,
12/25/2014,"35,590",,,,
12/26/2014,"35,390",,,,
12/27/2014,"35,580",,,,
12/28/2014,"35,530",,,,
12/29/2014,"35,490",,,,
12/30/2014,"35,210",,,,
12/31/2014,"35,010",,,,
1/1/2015,"35,010",,,,
1/2/2015,"34,960",,,,
1/3/2015,"35,090",,,,
1/4/2015,"35,210",,,,
1/5/2015,"35,120",,,,
1/6/2015,"35,240",,,,
1/7/2015,"35,130",,,,
1/8/2015,"35,000",,,,
1/9/2015,"34,970",,,,
1/10/2015,"34,940",,,,
1/11/2015,"34,860",,,,
1/12/2015,"34,700",,,,
1/13/2015,"34,500",,,,
1/14/2015,"34,520",,,,
1/15/2015,"34,500",,,,
1/16/2015,"34,450",,,,
1/17/2015,"34,460",,,,
1/18/2015,"34,670",,,,
1/19/2015,"35,140",,,,
1/20/2015,"34,740",,,,
1/21/2015,"34,610",,,,
1/22/2015,"34,570",,,,
1/24/2015,"34,430",,,,
1/25/2015,"34,650",,,,
1/26/2015,"34,690",,,,
1/27/2015,"34,600",,,,
1/28/2015,"34,560",,,,
1/29/2015,"34,560",,,,
1/31/2015,"34,570",,,,
2/1/2015,"34,550",,,,
2/2/2015,"34,560",,,,
2/3/2015,"34,560",,,,
2/4/2015,"34,430",,,,
2/5/2015,"34,320",,,,
2/7/2015,"34,190",,,,
2/8/2015,"34,090",,,,
2/9/2015,"34,310",,,,
2/10/2015,"34,300",,,,
2/12/2015,"34,290",,,,
2/14/2015,"34,320",,,,
2/15/2015,"34,300",,,,
2/16/2015,"34,220",,,,
2/17/2015,"34,020",,,,
2/18/2015,"34,140",,,,
2/19/2015,"34,140",,,,
2/21/2015,"34,070",,,,
2/22/2015,"34,220",,,,
2/23/2015,"34,350",,,,
2/24/2015,"34,340",,,,
2/25/2015,"34,360",,,,
2/26/2015,"34,350",,,,
2/27/2015,"34,310",,,,
2/28/2015,"34,240",,,,
3/1/2015,"34,260",,,,
3/2/2015,"34,250",,,,
3/3/2015,"34,170",,,,
3/4/2015,"34,200",,,,
3/5/2015,"34,130",,,,
3/7/2015,"33,990",,,,
3/8/2015,"34,060",,,,
3/9/2015,"33,960",,,,
3/10/2015,"33,840",,,,
3/11/2015,"33,360",,,,
3/12/2015,"33,240",,,,
3/13/2015,"32,990",,,,
3/14/2015,"32,200",,,,
3/15/2015,"32,410",,,,
3/16/2015,"32,810",,,,
3/17/2015,"33,530",,,,
3/18/2015,"33,490",,,,
3/19/2015,"33,380",,,,
3/23/2015,"33,560",,,,
3/24/2015,"33,600",,,,
3/25/2015,"33,930",,,,
3/26/2015,"33,930",,,,
3/28/2015,"32,960",,,,
3/29/2015,"33,100",,,,
3/30/2015,"33,240",,,,
3/31/2015,"33,070",,,,
4/1/2015,"33,300",,,,
4/2/2015,"32,350",,,,
4/3/2015,"31,880",,,,
4/4/2015,"32,690",,,,
4/5/2015,"32,840",,,,
4/6/2015,"32,860",,,,
4/7/2015,"33,140",,,,
4/8/2015,"32,930",,,,
4/9/2015,"32,900",,,,
4/11/2015,"33,520",,,,
4/12/2015,"33,390",,,,
4/13/2015,"33,380",,,,
4/14/2015,"33,450",,,,
4/15/2015,"33,580",,,,
4/16/2015,"33,480",,,,
4/17/2015,"33,420",,,,
4/18/2015,"33,360",,,,
4/19/2015,"33,390",,,,
4/20/2015,"33,390",,,,
4/21/2015,"33,390",,,,
4/22/2015,"33,360",,,,
4/23/2015,"33,330",,,,
4/24/2015,"33,330",,,,
4/25/2015,"33,220",,,,
4/26/2015,"33,300",,,,
4/27/2015,"33,350",,,,
4/28/2015,"33,380",,,,
4/29/2015,"33,360",,,,
4/30/2015,"33,390",,,,
5/1/2015,"33,390",,,,
5/3/2015,"33,390",,,,
5/4/2015,"33,250",,,,
5/5/2015,"33,270",,,,
5/6/2015,"33,300",,,,
5/7/2015,"33,290",,,,
5/8/2015,"33,300",,,,
5/9/2015,"33,210",,,,
5/10/2015,"33,180",,,,
5/11/2015,"33,160",,,,
5/12/2015,"33,160",,,,
5/13/2015,"33,190",,,,
5/14/2015,"33,200",,,,
5/15/2015,"33,190",,,,
5/16/2015,"33,190",,,,
5/17/2015,"33,100",,,,
5/18/2015,"33,070",,,,
5/19/2015,"32,980",,,,
5/20/2015,"32,830",,,,
5/21/2015,"32,850",,,,
5/23/2015,"32,970",,,,
5/24/2015,"32,950",,,,
5/25/2015,"32,930",,,,
5/26/2015,"33,000",,,,
5/27/2015,"33,000",,,,
5/28/2015,"32,980",,,,
5/30/2015,"33,080",,,,
5/31/2015,"33,190",,,,
6/1/2015,"33,130",,,,
6/2/2015,"33,130",,,,
6/6/2015,"33,110",,,,
6/7/2015,"33,080",,,,
6/8/2015,"33,100",,,,
6/9/2015,"33,080",,,,
6/10/2015,"33,080",,,,
6/11/2015,"33,050",,,,
6/13/2015,"33,040",,,,
6/14/2015,"32,920",,,,
6/15/2015,"32,820",,,,
6/16/2015,"32,850",,,,
6/17/2015,"32,850",,,,
6/18/2015,"32,780",,,,
6/20/2015,"32,710",,,,
6/21/2015,"32,720",,,,
6/22/2015,"32,620",,,,
6/23/2015,"32,660",,,,
6/24/2015,"32,750",,,,
6/25/2015,"32,750",,,,
6/27/2015,"33,030",,,,
6/28/2015,"33,000",,,,
6/29/2015,"33,000",,,,
6/30/2015,"32,990",,,,
7/1/2015,"33,090",,,,
7/2/2015,"32,950",,,,
7/4/2015,"33,040",,,,
7/5/2015,"32,950",,,,
7/6/2015,"32,720",,,,
7/7/2015,"32,480",,,,
7/9/2015,"32,380",,,,
7/11/2015,"32,490",,,,
7/12/2015,"32,500",,,,
7/13/2015,"32,140",,,,
7/14/2015,"32,160",,,,
7/15/2015,"32,180",,,,
7/16/2015,"32,300",,,,
7/20/2015,"32,300",,,,
7/21/2015,"32,350",,,,
7/22/2015,"32,390",,,,
7/23/2015,"32,380",,,,
7/25/2015,"32,570",,,,
7/26/2015,"32,950",,,,
7/27/2015,"32,900",,,,
7/28/2015,"32,980",,,,
7/29/2015,"33,030",,,,
7/30/2015,"33,000",,,,
8/1/2015,"33,140",,,,
8/2/2015,"33,150",,,,
8/3/2015,"33,160",,,,
8/4/2015,"33,240",,,,
8/5/2015,"33,270",,,,
8/6/2015,"33,250",,,,
8/8/2015,"33,380",,,,
8/9/2015,"33,390",,,,
8/10/2015,"33,360",,,,
8/12/2015,"33,460",,,,
8/13/2015,"33,450",,,,
8/15/2015,"33,400",,,,
8/16/2015,"33,410",,,,
8/17/2015,"33,410",,,,
8/18/2015,"33,550",,,,
8/19/2015,"33,460",,,,
8/20/2015,"33,490",,,,
8/22/2015,"33,480",,,,
8/23/2015,"33,500",,,,
8/24/2015,"33,550",,,,
8/25/2015,"33,650",,,,
8/26/2015,"33,630",,,,
8/27/2015,"33,550",,,,
8/29/2015,"33,590",,,,
8/30/2015,"33,670",,,,
8/31/2015,"33,770",,,,
9/1/2015,"34,000",,,,
9/2/2015,"33,980",,,,
9/3/2015,"33,850",,,,
9/5/2015,"33,830",,,,
9/6/2015,"33,970",,,,
9/7/2015,"33,890",,,,
9/8/2015,"33,830",,,,
9/9/2015,"33,850",,,,
9/10/2015,"33,850",,,,
9/12/2015,"33,900",,,,
9/13/2015,"33,980",,,,
9/14/2015,"34,200",,,,
9/15/2015,"33,950",,,,
9/16/2015,"33,930",,,,
9/17/2015,"33,850",,,,
9/19/2015,"33,850",,,,
9/20/2015,"33,830",,,,
9/21/2015,"33,720",,,,
9/22/2015,"33,880",,,,
9/23/2015,"33,850",,,,
9/26/2015,"33,840",,,,
9/27/2015,"33,930",,,,
9/28/2015,"33,920",,,,
9/29/2015,"34,090",,,,
9/30/2015,"34,090",,,,
10/1/2015,"34,050",,,,
10/3/2015,"34,090",,,,
10/4/2015,"33,950",,,,
10/5/2015,"33,990",,,,
10/6/2015,"33,990",,,,
10/7/2015,"33,990",,,,
10/8/2015,"33,980",,,,
10/10/2015,"33,980",,,,
10/11/2015,"33,900",,,,
10/12/2015,"33,890",,,,
10/13/2015,"33,880",,,,
10/14/2015,"33,890",,,,
10/15/2015,"33,880",,,,
10/17/2015,"33,870",,,,
10/18/2015,"33,870",,,,
10/19/2015,"33,810",,,,
10/20/2015,"33,810",,,,
10/21/2015,"33,830",,,,
10/22/2015,"33,850",,,,
10/25/2015,"33,850",,,,
10/26/2015,"33,880",,,,
10/27/2015,"33,890",,,,
10/28/2015,"33,900",,,,
10/29/2015,"33,890",,,,
10/31/2015,"33,890",,,,
11/1/2015,"33,950",,,,
11/2/2015,"33,940",,,,
11/3/2015,"33,940",,,,
11/4/2015,"33,930",,,,
11/5/2015,"33,890",,,,
11/7/2015,"33,930",,,,
11/8/2015,"33,950",,,,
11/9/2015,"33,960",,,,
11/10/2015,"33,950",,,,
11/11/2015,"33,940",,,,
11/12/2015,"33,930",,,,
11/14/2015,"33,990",,,,
11/15/2015,"33,940",,,,
11/16/2015,"33,940",,,,
11/17/2015,"33,940",,,,
11/18/2015,"33,930",,,,
11/19/2015,"33,930",,,,
11/21/2015,"33,930",,,,
11/22/2015,"33,940",,,,
11/23/2015,"33,940",,,,
11/24/2015,"33,980",,,,
11/25/2015,"33,990",,,,
11/26/2015,"33,920",,,,
11/27/2015,"33,930",,,,
11/28/2015,"33,990",,,,
11/29/2015,"33,990",,,,
11/30/2015,"33,990",,,,
12/1/2015,"33,990",,,,
12/3/2015,"33,970",,,,
12/5/2015,"33,970",,,,
12/6/2015,"33,970",,,,
12/7/2015,"33,960",,,,
12/8/2015,"33,960",,,,
12/9/2015,"33,950",,,,
12/13/2015,"33,940",,,,
12/14/2015,"33,940",,,,
12/15/2015,"33,940",,,,
12/16/2015,"33,970",,,,
12/17/2015,"33,890",,,,
12/19/2015,"33,800",,,,
12/20/2015,"33,850",,,,
12/21/2015,"33,840",,,,
12/22/2015,"33,860",,,,
12/23/2015,"33,870",,,,
12/24/2015,"33,880",,,,
12/26/2015,"33,850",,,,
12/27/2015,"33,800",,,,
12/28/2015,"33,800",,,,
12/30/2015,"33,830",,,,
12/31/2015,"33,870",,,,
1/2/2016,"33,840",,,,
1/3/2016,"33,840",,,,
1/4/2016,"33,890",,,,
1/5/2016,"33,940",,,,
1/6/2016,"33,940",,,,
1/7/2016,"33,940",,,,
1/9/2016,"33,990",,,,
1/10/2016,"33,950",,,,
1/11/2016,"33,890",,,,
1/12/2016,"33,880",,,,
1/13/2016,"33,870",,,,
1/14/2016,"33,850",,,,
1/16/2016,"33,840",,,,
1/17/2016,"33,840",,,,
1/18/2016,"33,840",,,,
1/19/2016,"33,830",,,,
1/20/2016,"33,840",,,,
1/21/2016,"33,830",,,,
1/23/2016,"33,870",,,,
1/24/2016,"33,870",,,,
1/25/2016,"33,850",,,,
1/26/2016,"33,850",,,,
1/27/2016,"33,840",,,,
1/28/2016,"33,840",,,,
1/30/2016,"33,820",,,,
1/31/2016,"33,840",,,,
2/1/2016,"33,830",,,,
2/2/2016,"33,830",,,,
2/3/2016,"33,820",,,,
2/4/2016,"33,820",,,,
2/6/2016,"33,810",,,,
2/7/2016,"33,800",,,,
2/8/2016,"33,800",,,,
2/9/2016,"33,800",,,,
2/10/2016,"33,800",,,,
2/13/2016,"33,800",,,,
2/14/2016,"33,800",,,,
2/15/2016,"33,840",,,,
2/16/2016,"34,430",,,,
2/17/2016,"34,620",,,,
2/18/2016,"34,710",,,,
2/20/2016,"34,450",,,,
2/21/2016,"34,500",,,,
2/22/2016,"34,540",,,,
2/23/2016,"34,650",,,,
2/24/2016,"34,680",,,,
2/25/2016,"34,750",,,,
2/27/2016,"34,850",,,,
2/28/2016,"34,550",,,,
2/29/2016,"34,550",,,,
3/1/2016,"34,540",,,,
3/2/2016,"34,540",,,,
3/3/2016,"34,450",,,,
3/5/2016,"34,250",,,,
3/6/2016,"34,340",,,,
3/7/2016,"34,260",,,,
3/8/2016,"34,080",,,,
3/9/2016,"34,240",,,,
3/10/2016,"34,370",,,,
3/12/2016,"34,270",,,,
3/14/2016,"34,180",,,,
3/15/2016,"34,290",,,,
3/16/2016,"34,300",,,,
3/17/2016,"34,250",,,,
3/26/2016,"34,680",,,,
3/27/2016,"34,660",,,,
3/29/2016,"35,130",,,,
3/30/2016,"34,820",,,,
3/31/2016,"34,850",,,,
4/2/2016,"34,750",,,,
4/3/2016,"34,490",,,,
4/4/2016,"34,500",,,,
4/5/2016,"34,760",,,,
4/6/2016,"34,700",,,,
4/7/2016,"34,650",,,,
4/8/2016,"34,650",,,,
4/9/2016,"34,690",,,,
4/10/2016,"34,720",,,,
4/11/2016,"34,700",,,,
4/12/2016,"34,690",,,,
4/13/2016,"34,660",,,,
4/14/2016,"34,620",,,,
4/16/2016,"34,640",,,,
4/17/2016,"34,550",,,,
4/18/2016,"34,510",,,,
4/19/2016,"34,640",,,,
4/20/2016,"34,580",,,,
4/23/2016,"34,590",,,,
4/24/2016,"34,690",,,,
4/25/2016,"34,670",,,,
4/26/2016,"34,600",,,,
4/27/2016,"34,600",,,,
4/28/2016,"34,570",,,,
4/30/2016,"34,550",,,,
5/1/2016,"34,510",,,,
5/2/2016,"34,500",,,,
5/3/2016,"34,470",,,,
5/4/2016,"34,430",,,,
5/7/2016,"34,440",,,,
5/8/2016,"34,460",,,,
5/9/2016,"34,450",,,,
5/10/2016,"34,500",,,,
5/11/2016,"34,490",,,,
5/12/2016,"34,430",,,,
5/14/2016,"34,400",,,,
5/15/2016,"34,420",,,,
5/16/2016,"34,390",,,,
5/17/2016,"34,370",,,,
5/18/2016,"34,370",,,,
5/19/2016,"34,370",,,,
5/21/2016,"34,390",,,,
5/23/2016,"34,490",,,,
5/24/2016,"34,550",,,,
5/25/2016,"34,540",,,,
5/26/2016,"34,550",,,,
5/28/2016,"34,790",,,,
5/29/2016,"34,700",,,,
5/30/2016,"34,630",,,,
5/31/2016,"34,650",,,,
6/1/2016,"34,650",,,,
6/2/2016,"34,710",,,,
6/3/2016,"34,710",,,,
6/4/2016,"34,710",,,,
6/5/2016,"34,670",,,,
6/6/2016,"34,530",,,,
6/7/2016,"34,550",,,,
6/8/2016,"34,580",,,,
6/9/2016,"34,600",,,,
6/11/2016,"34,610",,,,
6/12/2016,"34,600",,,,
6/13/2016,"34,530",,,,
6/14/2016,"34,590",,,,
6/15/2016,"34,600",,,,
6/16/2016,"34,550",,,,
6/18/2016,"34,540",,,,
6/19/2016,"34,540",,,,
6/20/2016,"34,550",,,,
6/21/2016,"34,600",,,,
6/22/2016,"34,630",,,,
6/25/2016,"34,610",,,,
6/26/2016,"34,850",,,,
6/28/2016,"34,890",,,,
6/29/2016,"35,190",,,,
6/30/2016,"35,290",,,,
7/2/2016,"35,160",,,,
7/3/2016,"34,790",,,,
7/4/2016,"34,870",,,,
7/5/2016,"34,870",,,,
7/9/2016,"34,830",,,,
7/10/2016,"34,970",,,,
7/11/2016,"35,010",,,,
7/12/2016,"35,120",,,,
7/13/2016,"35,010",,,,
7/14/2016,"35,040",,,,
7/16/2016,"35,110",,,,
7/17/2016,"35,120",,,,
7/18/2016,"35,150",,,,
7/19/2016,"35,190",,,,
7/20/2016,"35,130",,,,
7/21/2016,"35,030",,,,
7/23/2016,"35,090",,,,
7/24/2016,"35,170",,,,
7/25/2016,"35,110",,,,
7/26/2016,"35,180",,,,
7/27/2016,"35,180",,,,
7/28/2016,"35,440",,,,
7/31/2016,"35,380",,,,
8/1/2016,"35,280",,,,
8/2/2016,"35,400",,,,
8/3/2016,"35,310",,,,
8/4/2016,"35,170",,,,
8/6/2016,"35,270",,,,
8/7/2016,"35,330",,,,
8/8/2016,"35,400",,,,
8/9/2016,"35,450",,,,
8/10/2016,"35,350",,,,
8/11/2016,"35,380",,,,
8/12/2016,"35,280",,,,
8/13/2016,"35,520",,,,
8/14/2016,"35,310",,,,
8/15/2016,"35,430",,,,
8/16/2016,"35,430",,,,
8/17/2016,"35,420",,,,
8/18/2016,"35,450",,,,
8/20/2016,"35,120",,,,
8/21/2016,"35,270",,,,
8/22/2016,"35,470",,,,
8/23/2016,"35,420",,,,
8/24/2016,"35,430",,,,
8/25/2016,"35,300",,,,
8/27/2016,"35,560",,,,
8/28/2016,"35,500",,,,
8/29/2016,"35,550",,,,
8/30/2016,"35,550",,,,
8/31/2016,"35,550",,,,
9/1/2016,"35,570",,,,
9/3/2016,"35,590",,,,
9/4/2016,"35,650",,,,
9/5/2016,"35,520",,,,
9/6/2016,"35,550",,,,
9/7/2016,"35,540",,,,
9/8/2016,"35,570",,,,
9/10/2016,"35,450",,,,
9/11/2016,"35,500",,,,
9/13/2016,"35,610",,,,
9/14/2016,"35,630",,,,
9/15/2016,"35,720",,,,
9/17/2016,"35,620",,,,
9/18/2016,"35,600",,,,
9/19/2016,"35,520",,,,
9/21/2016,"35,600",,,,
9/22/2016,"35,540",,,,
9/24/2016,"35,630",,,,
9/25/2016,"35,680",,,,
9/26/2016,"35,700",,,,
9/27/2016,"35,730",,,,
9/28/2016,"35,610",,,,
9/29/2016,"35,800",,,,
10/1/2016,"35,830",,,,
10/2/2016,"35,770",,,,
10/3/2016,"35,810",,,,
10/4/2016,"35,860",,,,
10/5/2016,"35,870",,,,
10/6/2016,"35,720",,,,
10/8/2016,"35,850",,,,
10/9/2016,"35,810",,,,
10/10/2016,"35,850",,,,
10/13/2016,"35,850",,,,
10/15/2016,"35,880",,,,
10/16/2016,"35,880",,,,
10/17/2016,"35,850",,,,
10/18/2016,"35,830",,,,
10/19/2016,"35,850",,,,
10/20/2016,"35,850",,,,
10/22/2016,"35,880",,,,
10/23/2016,"35,910",,,,
10/24/2016,"35,950",,,,
10/25/2016,"35,680",,,,
10/26/2016,"36,050",,,,
10/27/2016,"36,180",,,,
10/29/2016,"36,080",,,,
10/30/2016,"36,110",,,,
10/31/2016,"36,190",,,,
11/1/2016,"36,270",,,,
11/2/2016,"36,230",,,,
11/3/2016,"36,200",,,,
11/5/2016,"36,230",,,,
11/6/2016,"36,290",,,,
11/7/2016,"36,250",,,,
11/8/2016,"36,400",,,,
11/9/2016,"36,480",,,,
11/10/2016,"36,570",,,,
11/12/2016,"36,480",,,,
11/13/2016,"36,550",,,,
11/14/2016,"36,680",,,,
11/15/2016,"36,680",,,,
11/16/2016,"36,740",,,,
11/17/2016,"36,850",,,,
11/19/2016,"36,810",,,,
11/21/2016,"36,730",,,,
11/22/2016,"36,770",,,,
11/23/2016,"37,030",,,,
11/24/2016,"37,180",,,,
11/26/2016,"37,460",,,,
11/27/2016,"37,910",,,,
11/29/2016,"38,710",,,,
12/1/2016,"38,290",,,,
12/3/2016,"38,020",,,,
12/4/2016,"38,950",,,,
12/5/2016,"38,960",,,,
12/6/2016,"38,880",,,,
12/7/2016,"38,760",,,,
12/8/2016,"38,990",,,,
12/10/2016,"38,990",,,,
12/11/2016,"38,910",,,,
12/12/2016,"38,680",,,,
12/13/2016,"38,970",,,,
12/14/2016,"39,140",,,,
12/15/2016,"39,280",,,,
12/18/2016,"39,280",,,,
12/19/2016,"39,170",,,,
12/20/2016,"39,180",,,,
12/21/2016,"39,780",,,,
12/22/2016,"39,850",,,,
12/24/2016,"39,880",,,,
12/25/2016,"40,660",,,,
12/26/2016,"40,720",,,,
12/27/2016,"41,210",,,,
12/28/2016,"40,750",,,,
12/29/2016,"40,290",,,,
12/31/2016,"39,480",,,,
1/1/2017,"38,350",,,,
1/2/2017,"38,790",,,,
1/3/2017,"39,140",,,,
1/4/2017,"39,000",,,,
1/5/2017,"39,030",,,,
1/7/2017,"39,040",,,,
1/8/2017,"39,450",,,,
1/9/2017,"39,650",,,,
1/11/2017,"39,790",,,,
1/12/2017,"39,790",,,,
1/14/2017,"39,510",,,,
1/15/2017,"39,440",,,,
1/16/2017,"39,140",,,,
1/17/2017,"38,340",,,,
1/18/2017,"38,200",,,,
1/19/2017,"38,240",,,,
1/21/2017,"38,080",,,,
1/22/2017,"38,330",,,,
1/23/2017,"38,500",,,,
1/24/2017,"38,540",,,,
1/25/2017,"38,600",,,,
1/26/2017,"38,580",,,,
1/28/2017,"38,590",,,,
1/29/2017,"38,510",,,,
1/30/2017,"38,230",,,,
1/31/2017,"38,210",,,,
2/1/2017,"38,260",,,,
2/2/2017,"38,240",,,,
2/4/2017,"38,430",,,,
2/5/2017,"38,520",,,,
2/6/2017,"38,470",,,,
2/7/2017,"38,360",,,,
2/8/2017,"38,260",,,,
2/9/2017,"38,260",,,,
2/11/2017,"38,290",,,,
2/12/2017,"38,230",,,,
2/13/2017,"38,140",,,,
2/14/2017,"38,080",,,,
2/15/2017,"38,150",,,,
2/16/2017,"38,110",,,,
2/18/2017,"38,020",,,,
2/19/2017,"37,930",,,,
2/20/2017,"37,900",,,,
2/21/2017,"37,870",,,,
2/22/2017,"37,800",,,,
2/23/2017,"37,800",,,,
2/25/2017,"37,780",,,,
2/26/2017,"37,810",,,,
2/27/2017,"37,790",,,,
2/28/2017,"37,790",,,,
3/1/2017,"37,840",,,,
3/2/2017,"37,830",,,,
3/4/2017,"37,810",,,,
3/5/2017,"37,740",,,,
3/6/2017,"37,610",,,,
3/7/2017,"37,460",,,,
3/8/2017,"37,240",,,,
3/9/2017,"37,490",,,,
3/11/2017,"37,590",,,,
3/12/2017,"37,490",,,,
3/13/2017,"37,500",,,,
3/14/2017,"37,630",,,,
3/15/2017,"37,950",,,,
3/16/2017,"37,570",,,,
3/18/2017,"37,480",,,,
3/21/2017,"37,480",,,,
3/23/2017,"37,480",,,,
3/25/2017,"37,670",,,,
3/26/2017,"37,540",,,,
3/27/2017,"37,640",,,,
3/28/2017,"37,660",,,,
3/29/2017,"37,520",,,,
3/30/2017,"37,400",,,,
4/3/2017,"37,690",,,,
4/4/2017,"37,530",,,,
4/5/2017,"37,650",,,,
4/6/2017,"37,610",,,,
4/8/2017,"37,610",,,,
4/9/2017,"37,630",,,,
4/10/2017,"37,630",,,,
4/12/2017,"37,630",,,,
4/13/2017,"37,590",,,,
4/15/2017,"37,600",,,,
4/16/2017,"37,550",,,,
4/17/2017,"37,550",,,,
4/18/2017,"37,500",,,,
4/19/2017,"37,490",,,,
4/20/2017,"37,480",,,,
4/22/2017,"37,490",,,,
4/23/2017,"37,530",,,,
4/24/2017,"37,530",,,,
4/26/2017,"37,600",,,,
4/27/2017,"37,620",,,,
4/29/2017,"37,730",,,,
4/30/2017,"37,730",,,,
5/1/2017,"37,670",,,,
5/2/2017,"37,620",,,,
5/3/2017,"37,650",,,,
5/4/2017,"37,700",,,,
5/6/2017,"37,630",,,,
5/7/2017,"37,590",,,,
5/8/2017,"37,570",,,,
5/9/2017,"37,540",,,,
5/10/2017,"37,570",,,,
5/11/2017,"37,590",,,,
5/13/2017,"37,590",,,,
5/14/2017,"37,560",,,,
5/15/2017,"37,540",,,,
5/16/2017,"37,550",,,,
5/17/2017,"37,710",,,,
5/18/2017,"37,670",,,,
5/20/2017,"37,410",,,,
5/21/2017,"37,400",,,,
5/22/2017,"37,350",,,,
5/23/2017,"37,530",,,,
5/24/2017,"37,480",,,,
5/25/2017,"37,430",,,,
5/27/2017,"37,430",,,,
5/28/2017,"37,370",,,,
5/29/2017,"37,380",,,,
5/30/2017,"37,360",,,,
5/31/2017,"37,340",,,,
6/1/2017,"37,340",,,,
6/3/2017,"37,320",,,,
6/4/2017,"37,330",,,,
6/6/2017,"37,300",,,,
6/7/2017,"37,380",,,,
6/8/2017,"37,370",,,,
6/10/2017,"37,360",,,,
6/11/2017,"37,350",,,,
6/12/2017,"37,300",,,,
6/13/2017,"37,270",,,,
6/14/2017,"37,300",,,,
6/15/2017,"37,310",,,,
6/17/2017,"37,320",,,,
6/18/2017,"37,500",,,,
6/19/2017,"37,500",,,,
6/20/2017,"37,450",,,,
6/21/2017,"37,420",,,,
6/22/2017,"37,440",,,,
6/24/2017,"37,570",,,,
6/25/2017,"37,540",,,,
6/27/2017,"37,540",,,,
6/28/2017,"37,590",,,,
6/29/2017,"37,680",,,,
7/1/2017,"37,890",,,,
7/2/2017,"37,840",,,,
7/3/2017,"37,790",,,,
7/4/2017,"37,800",,,,
7/5/2017,"37,880",,,,
7/6/2017,"37,880",,,,
7/8/2017,"37,890",,,,
7/9/2017,"37,860",,,,
7/10/2017,"37,880",,,,
7/11/2017,"37,930",,,,
7/12/2017,"37,900",,,,
7/13/2017,"37,850",,,,
7/15/2017,"37,820",,,,
7/16/2017,"37,800",,,,
7/17/2017,"37,790",,,,
7/18/2017,"37,780",,,,
7/19/2017,"37,770",,,,
7/20/2017,"37,820",,,,
7/22/2017,"37,760",,,,
7/23/2017,"37,750",,,,
7/24/2017,"37,720",,,,
7/25/2017,"37,790",,,,
7/26/2017,"38,000",,,,
7/27/2017,"38,010",,,,
7/29/2017,"38,070",,,,
7/30/2017,"38,120",,,,
7/31/2017,"38,130",,,,
8/1/2017,"38,190",,,,
8/2/2017,"38,210",,,,
8/3/2017,"38,260",,,,
8/6/2017,"38,210",,,,
8/7/2017,"38,150",,,,
8/8/2017,"38,110",,,,
8/9/2017,"38,110",,,,
8/12/2017,"38,130",,,,
8/13/2017,"38,120",,,,
8/14/2017,"38,130",,,,
8/15/2017,"38,170",,,,
8/16/2017,"38,200",,,,
8/17/2017,"38,200",,,,
8/19/2017,"38,240",,,,
8/20/2017,"38,280",,,,
8/21/2017,"38,300",,,,
8/22/2017,"38,300",,,,
8/23/2017,"38,330",,,,
8/24/2017,"38,380",,,,
8/26/2017,"38,520",,,,
8/27/2017,"38,590",,,,
8/28/2017,"38,580",,,,
8/29/2017,"38,630",,,,
8/30/2017,"38,720",,,,
8/31/2017,"38,740",,,,
9/2/2017,"38,820",,,,
9/3/2017,"38,900",,,,
9/4/2017,"38,790",,,,
9/5/2017,"38,820",,,,
9/6/2017,"38,940",,,,
9/7/2017,"39,040",,,,
9/10/2017,"39,000",,,,
9/11/2017,"39,000",,,,
9/12/2017,"39,140",,,,
9/13/2017,"39,200",,,,
9/14/2017,"39,100",,,,
9/16/2017,"39,040",,,,
9/17/2017,"38,980",,,,
9/18/2017,"38,970",,,,
9/19/2017,"38,920",,,,
9/20/2017,"38,930",,,,
9/21/2017,"38,920",,,,
9/23/2017,"38,930",,,,
9/24/2017,"38,920",,,,
9/25/2017,"39,000",,,,
9/26/2017,"39,060",,,,
9/27/2017,"39,070",,,,
9/28/2017,"39,110",,,,
10/2/2017,"39,160",,,,
10/3/2017,"39,300",,,,
10/4/2017,"39,370",,,,
10/5/2017,"39,480",,,,
10/7/2017,"39,710",,,,
10/8/2017,"39,780",,,,
10/9/2017,"40,410",,,,
10/10/2017,"40,240",,,,
10/11/2017,"40,160",,,,
10/12/2017,"40,170",,,,
10/14/2017,"39,970",,,,
10/15/2017,"40,070",,,,
10/16/2017,"40,080",,,,
10/17/2017,"40,190",,,,
10/18/2017,"40,210",,,,
10/19/2017,"40,170",,,,
10/21/2017,"40,130",,,,
10/22/2017,"40,110",,,,
10/23/2017,"40,180",,,,
10/24/2017,"40,300",,,,
10/25/2017,"40,280",,,,
10/26/2017,"40,320",,,,
10/28/2017,"40,600",,,,
10/29/2017,"40,690",,,,
10/30/2017,"40,550",,,,
10/31/2017,"40,520",,,,
11/1/2017,"40,580",,,,
11/2/2017,"40,540",,,,
11/4/2017,"40,540",,,,
11/5/2017,"40,660",,,,
11/6/2017,"40,720",,,,
11/7/2017,"40,700",,,,
11/8/2017,"40,740",,,,
11/11/2017,"40,830",,,,
11/12/2017,"40,990",,,,
11/13/2017,"41,360",,,,
11/14/2017,"41,220",,,,
11/15/2017,"41,010",,,,
11/16/2017,"41,000",,,,
11/18/2017,"40,960",,,,
11/20/2017,"40,940",,,,
11/21/2017,"40,930",,,,
11/22/2017,"41,210",,,,
11/23/2017,"41,240",,,,
11/25/2017,"41,270",,,,
11/26/2017,"41,180",,,,
11/27/2017,"41,180",,,,
11/28/2017,"41,270",,,,
11/29/2017,"41,360",,,,
11/30/2017,"41,390",,,,
12/2/2017,"41,550",,,,
12/3/2017,"41,640",,,,
12/4/2017,"41,860",,,,
12/5/2017,"42,020",,,,
12/7/2017,"41,950",,,,
12/9/2017,"42,030",,,,
12/10/2017,"42,070",,,,
12/11/2017,"42,110",,,,
12/12/2017,"42,200",,,,
12/13/2017,"42,190",,,,
12/14/2017,"42,110",,,,
12/16/2017,"41,900",,,,
12/17/2017,"41,830",,,,
12/18/2017,"41,810",,,,
12/19/2017,"41,970",,,,
12/20/2017,"41,860",,,,
12/21/2017,"41,940",,,,
12/23/2017,"41,860",,,,
12/24/2017,"41,940",,,,
12/25/2017,"41,790",,,,
12/26/2017,"41,890",,,,
12/27/2017,"41,890",,,,
12/28/2017,"42,030",,,,
12/30/2017,"42,350",,,,
12/31/2017,"42,880",,,,
1/1/2018,"42,880",,,,
1/2/2018,"43,390",,,,
1/3/2018,"43,740",,,,
1/4/2018,"43,240",,,,
1/6/2018,"43,320",,,,
1/7/2018,"43,530",,,,
1/8/2018,"43,950",,,,
1/9/2018,"43,660",,,,
1/10/2018,"44,010",,,,
1/11/2018,"44,150",,,,
1/13/2018,"44,110",,,,
1/14/2018,"44,260",,,,
1/15/2018,"44,210",,,,
1/16/2018,"44,290",,,,
1/17/2018,"44,480",,,,
1/18/2018,"44,580",,,,
1/20/2018,"45,330",,,,
1/21/2018,"45,970",,,,
1/22/2018,"45,790",,,,
1/23/2018,"45,800",,,,
1/24/2018,"45,660",,,,
1/25/2018,"45,330",,,,
1/27/2018,"45,160",,,,
1/28/2018,"45,680",,,,
1/29/2018,"45,500",,,,
1/30/2018,"45,670",,,,
1/31/2018,"46,450",,,,
2/1/2018,"46,470",,,,
2/3/2018,"47,040",,,,
2/4/2018,"47,440",,,,
2/5/2018,"46,760",,,,
2/6/2018,"46,900",,,,
2/7/2018,"45,450",,,,
2/8/2018,"46,700",,,,
2/10/2018,"47,250",,,,
2/11/2018,"47,270",,,,
2/12/2018,"48,490",,,,
2/13/2018,"48,770",,,,
2/14/2018,"48,170",,,,
2/15/2018,"47,380",,,,
2/17/2018,"46,970",,,,
2/18/2018,"46,090",,,,
2/19/2018,"45,750",,,,
2/21/2018,"45,180",,,,
2/22/2018,"44,930",,,,
2/24/2018,"44,780",,,,
2/25/2018,"44,760",,,,
2/26/2018,"44,780",,,,
2/27/2018,"44,720",,,,
2/28/2018,"44,710",,,,
3/1/2018,"44,700",,,,
3/2/2018,"44,690",,,,
3/3/2018,"47,080",,,,
3/4/2018,"47,700",,,,
3/5/2018,"47,690",,,,
3/6/2018,"47,750",,,,
3/7/2018,"47,880",,,,
3/8/2018,"47,860",,,,
3/9/2018,"47,890",,,,
3/10/2018,"47,960",,,,
3/11/2018,"48,030",,,,
3/12/2018,"48,260",,,,
3/13/2018,"48,160",,,,
3/14/2018,"48,510",,,,
3/15/2018,"48,490",,,,
3/16/2018,"48,650",,,,
3/17/2018,"48,310",,,,
3/18/2018,"48,190",,,,
3/19/2018,"48,570",,,,
3/20/2018,"48,990",,,,
3/24/2018,"49,210",,,,
3/25/2018,"49,910",,,,
3/26/2018,"51,030",,,,
3/27/2018,"50,490",,,,
3/28/2018,"50,460",,,,
3/29/2018,"50,450",,,,
3/30/2018,"51,020",,,,
3/31/2018,"50,800",,,,
4/1/2018,"50,290",,,,
4/2/2018,"50,800",,,,
4/3/2018,"50,540",,,,
4/4/2018,"50,560",,,,
4/5/2018,"50,940",,,,
4/7/2018,"51,710",,,,
4/8/2018,"56,600",,,,
4/9/2018,"58,650",,,,
4/11/2018,"42,000",,,,
4/18/2018,"55,920",,,,
4/19/2018,"55,740",,,,
4/20/2018,"56,130",,,,
4/21/2018,"56,330",,,,
4/22/2018,"55,870",,,,
4/23/2018,"55,290",,,,
4/24/2018,"54,500",,,,
4/25/2018,"55,470",,,,
4/26/2018,"56,350",,,,
4/28/2018,"57,110",,,,
4/29/2018,"58,540",,,,
5/3/2018,"61,170",,,,
5/4/2018,"61,160",,,,
5/5/2018,"63,830",,,,
5/6/2018,"63,500",,,,
5/7/2018,"59,230",,,,
5/8/2018,"63,900",,,,
5/9/2018,"65,710",,,,
5/10/2018,"66,530",,,,
5/11/2018,"66,900",,,,
5/12/2018,"65,970",,,,
5/13/2018,"64,550",,,,
5/14/2018,"63,300",,,,
5/15/2018,"64,140",,,,
5/16/2018,"61,520",,,,
5/17/2018,"62,740",,,,
5/18/2018,"62,640",,,,
5/19/2018,"61,380",,,,
5/20/2018,"62,010",,,,
5/21/2018,"63,330",,,,
5/22/2018,"63,870",,,,
5/23/2018,"63,640",,,,
5/24/2018,"63,440",,,,
5/25/2018,"63,670",,,,
5/26/2018,"63,970",,,,
5/27/2018,"63,630",,,,
5/28/2018,"63,530",,,,
5/29/2018,"62,920",,,,
5/30/2018,"64,380",,,,
5/31/2018,"64,640",,,,
6/1/2018,"65,020",,,,
6/2/2018,"63,900",,,,
6/3/2018,"64,390",,,,
6/4/2018,"64,250",,,,
6/5/2018,"65,210",,,,
6/6/2018,"65,090",,,,
6/7/2018,"65,030",,,,
6/8/2018,"64,390",,,,
6/9/2018,"67,350",,,,
6/10/2018,"65,760",,,,
6/11/2018,"67,810",,,,
6/12/2018,"70,350",,,,
6/13/2018,"70,080",,,,
6/14/2018,"67,690",,,,
6/15/2018,"68,670",,,,
6/16/2018,"69,320",,,,
6/17/2018,"70,310",,,,
6/18/2018,"70,540",,,,
6/19/2018,"72,270",,,,
6/20/2018,"74,000",,,,
6/21/2018,"74,910",,,,
6/23/2018,"75,060",,,,
6/24/2018,"87,050",,,,
6/25/2018,"81,550",,,,
6/26/2018,"78,910",,,,
6/27/2018,"79,740",,,,
6/28/2018,"82,280",,,,
6/29/2018,"82,280",,,,
6/30/2018,"79,750",,,,
7/1/2018,"83,580",,,,
7/2/2018,"83,310",,,,
7/3/2018,"81,600",,,,
7/4/2018,"80,140",,,,
7/5/2018,"78,470",,,,
7/6/2018,"80,370",,,,
7/7/2018,"80,190",,,,
7/8/2018,"79,860",,,,
7/9/2018,"79,460",,,,
7/10/2018,"77,850",,,,
7/12/2018,"78,160",,,,
7/13/2018,"78,220",,,,
7/14/2018,"79,610",,,,
7/15/2018,"80,740",,,,
7/16/2018,"79,190",,,,
7/17/2018,"81,950",,,,
7/18/2018,"81,340",,,,
7/19/2018,"81,960",,,,
7/20/2018,"81,490",,,,
7/21/2018,"86,500",,,,
7/22/2018,"88,970",,,,
7/23/2018,"93,700",,,,
7/24/2018,"94,060",,,,
7/25/2018,"91,550",,,,
7/26/2018,"93,160",,,,
7/27/2018,"94,560",,,,
7/28/2018,"96,940",,,,
7/29/2018,"116,500",,,,
7/30/2018,"114,700",,,,
7/31/2018,"105,410",,,,
8/1/2018,"105,980",,,,
8/2/2018,"112,960",,,,
8/3/2018,"105,770",,,,
8/4/2018,"101,480",,,,
8/5/2018,"98,170",,,,
8/6/2018,"95,960",,,,
8/7/2018,"89,760",,,,
8/8/2018,"102,540",,,,
8/9/2018,"103,360",,,,
8/10/2018,"109,430",,,,
8/11/2018,"104,280",,,,
8/12/2018,"100,850",,,,
8/13/2018,"106,260",,,,
8/14/2018,"105,550",,,,
8/15/2018,"105,030",,,,
8/16/2018,"107,090",,,,
8/17/2018,"107,120",,,,
8/18/2018,"103,300",,,,
8/19/2018,"103,050",,,,
8/20/2018,"104,140",,,,
8/21/2018,"105,840",,,,
8/22/2018,"105,460",,,,
8/23/2018,"105,090",,,,
8/24/2018,"102,790",,,,
8/25/2018,"104,390",,,,
8/26/2018,"105,430",,,,
8/27/2018,"107,150",,,,
8/28/2018,"110,610",,,,
8/29/2018,"110,110",,,,
8/30/2018,"110,350",,,,
8/31/2018,"109,970",,,,
9/1/2018,"111,890",,,,
9/2/2018,"119,770",,,,
9/4/2018,"136,840",,,,
9/5/2018,"136,890",,,,
9/6/2018,"135,110",,,,
9/8/2018,"134,470",,,,
9/9/2018,"129,630",,,,
9/10/2018,"138,160",,,,
9/11/2018,"135,330",,,,
9/12/2018,"137,160",,,,
9/13/2018,"137,600",,,,
11/15/2018,"118,400",,,,
11/17/2018,"118,200",,,,
11/18/2018,"120,870",,,,
11/19/2018,"127,220",,,,
11/20/2018,"128,400",,,,
11/21/2018,"127,910",,,,
11/22/2018,"127,710",,,,
11/24/2018,"127,250",,,,
11/26/2018,"123,350",,,,
11/27/2018,"123,030",,,,
11/28/2018,"121,150",,,,
11/29/2018,"112,450",,,,
12/1/2018,"113,580",,,,
12/2/2018,"121,100",,,,
12/3/2018,"114,300",,,,
12/4/2018,"113,670",,,,
12/5/2018,"113,520",,,,
12/6/2018,"113,030",,,,
12/8/2018,"115,170",,,,
12/9/2018,"112,410",,,,
12/10/2018,"107,900",,,,
12/11/2018,"108,190",,,,
12/12/2018,"97,100",,,,
12/13/2018,"101,300",,,,
12/15/2018,"101,350",,,,
12/16/2018,"99,500",,,,
12/17/2018,"99,400",,,,
12/18/2018,"99,400",,,,
12/19/2018,"99,900",,,,
12/20/2018,"99,700",,,,
12/22/2018,"99,900",,,,
12/24/2018,"101,000",,,,
12/25/2018,"105,000",,,,
12/26/2018,"112,000",,,,
12/27/2018,"107,500",,,,
12/29/2018,"103,000",,,,
12/30/2018,"107,000",,,,
12/31/2018,"108,000",,,,
1/1/2019,"105,000",,,,
1/2/2019,"104,500",,,,
1/3/2019,"106,000",,,,
1/5/2019,"105,900",,,,
1/6/2019,"105,500",,,,
1/7/2019,"107,000",,,,
1/8/2019,"109,000",,,,
1/9/2019,"108,800",,,,
1/10/2019,"108,900",,,,
1/12/2019,"113,000",,,,
1/13/2019,"114,000",,,,
1/15/2019,"112,500",,,,
1/16/2019,"114,500",,,,
1/17/2019,"115,900",,,,
1/19/2019,"114,500",,,,
1/20/2019,"114,500",,,,
1/21/2019,"116,300",,,,
1/22/2019,"116,500",,,,
1/23/2019,"115,400",,,,
1/24/2019,"115,000",,,,
1/26/2019,"116,500",,,,
1/27/2019,"117,900",,,,
1/28/2019,"118,000",,,,
1/29/2019,"118,300",,,,
1/30/2019,"119,450",,,,
1/31/2019,"118,500",,,,
2/2/2019,"113,000",,,,
2/3/2019,"110,000",,,,
2/4/2019,"116,500",,,,
2/5/2019,"117,500",,,,
2/6/2019,"118,500",,,,
2/7/2019,"116,450",,,,
2/10/2019,"117,100",,,,
2/12/2019,"119,000",,,,
2/13/2019,"119,300",,,,
2/14/2019,"118,500",,,,
2/16/2019,"121,000",,,,
2/17/2019,"123,500",,,,
2/18/2019,"129,000",,,,
2/19/2019,"128,000",,,,
2/20/2019,"129,700",,,,
2/21/2019,"129,700",,,,
2/23/2019,"125,000",,,,
2/24/2019,"136,500",,,,
2/25/2019,"134,500",,,,
2/26/2019,"133,000",,,,
2/27/2019,"132,500",,,,
2/28/2019,"132,000",,,,
3/2/2019,"134,500",,,,
3/3/2019,"129,860",,,,
3/4/2019,"127,070",,,,
3/5/2019,"125,980",,,,
3/6/2019,"131,540",,,,
3/7/2019,"130,370",,,,
3/9/2019,"131,510",,,,
3/10/2019,"130,420",,,,
3/11/2019,"129,050",,,,
3/12/2019,"128,470",,,,
3/13/2019,"128,550",,,,
3/14/2019,"131,020",,,,
3/16/2019,"129,850",,,,
3/17/2019,"128,830",,,,
3/18/2019,"128,890",,,,
3/19/2019,"128,940",,,,
3/25/2019,"129,520",,,,
3/26/2019,"129,510",,,,
3/27/2019,"129,420",,,,
3/28/2019,"131,890",,,,
3/30/2019,"132,000",,,,
3/31/2019,"132,000",,,,
4/4/2019,"132,000",,,,
4/6/2019,"131,900",,,,
4/7/2019,"133,910",,,,
4/8/2019,"136,900",,,,
4/9/2019,"141,750",,,,
4/10/2019,"137,500",,,,
4/11/2019,"137,310",,,,
4/13/2019,"136,000",,,,
4/14/2019,"134,500",,,,
4/15/2019,"136,900",,,,
4/16/2019,"135,430",,,,
4/17/2019,"134,010",,,,
4/18/2019,"134,790",,,,
4/20/2019,"135,460",,,,
4/22/2019,"137,600",,,,
4/23/2019,"137,920",,,,
4/24/2019,"137,990",,,,
4/25/2019,"138,120",,,,
4/27/2019,"138,460",,,,
4/28/2019,"141,470",,,,
4/29/2019,"141,510",,,,
4/30/2019,"140,520",,,,
5/1/2019,"142,500",,,,
5/2/2019,"142,410",,,,
5/4/2019,"144,960",,,,
5/5/2019,"147,450",,,,
5/6/2019,"147,000",,,,
5/7/2019,"149,480",,,,
5/8/2019,"149,900",,,,
5/9/2019,"153,500",,,,
5/11/2019,"149,500",,,,
5/12/2019,"146,500",,,,
5/13/2019,"148,360",,,,
5/14/2019,"148,500",,,,
5/15/2019,"148,430",,,,
5/16/2019,"146,470",,,,
5/18/2019,"145,500",,,,
5/19/2019,"145,000",,,,
5/20/2019,"137,500",,,,
5/21/2019,"137,470",,,,
5/22/2019,"139,500",,,,
5/23/2019,"140,460",,,,
5/25/2019,"139,570",,,,
5/26/2019,"138,500",,,,
5/28/2019,"137,500",,,,
5/29/2019,"134,000",,,,
5/30/2019,"135,370",,,,
6/1/2019,"135,500",,,,
6/2/2019,"132,390",,,,
6/3/2019,"130,980",,,,
6/8/2019,"130,900",,,,
6/9/2019,"126,970",,,,
6/10/2019,"128,450",,,,
6/11/2019,"128,880",,,,
6/12/2019,"129,000",,,,
6/15/2019,"129,360",,,,
6/16/2019,"134,940",,,,
6/17/2019,"133,360",,,,
6/18/2019,"132,020",,,,
6/19/2019,"130,950",,,,
6/20/2019,"132,000",,,,
6/22/2019,"130,000",,,,
6/23/2019,"130,000",,,,
6/24/2019,"131,890",,,,
6/25/2019,"131,000",,,,
6/26/2019,"129,400",,,,
6/27/2019,"129,500",,,,
6/30/2019,"128,500",,,,
7/1/2019,"127,000",,,,
7/2/2019,"128,000",,,,
7/3/2019,"127,450",,,,
7/4/2019,"127,500",,,,
7/6/2019,"129,400",,,,
7/7/2019,"128,980",,,,
7/8/2019,"127,910",,,,
7/9/2019,"127,430",,,,
7/10/2019,"127,480",,,,
7/11/2019,"127,460",,,,
7/13/2019,"126,000",,,,
7/14/2019,"125,000",,,,
7/15/2019,"121,000",,,,
7/16/2019,"118,890",,,,
7/17/2019,"113,890",,,,
7/18/2019,"115,000",,,,
7/20/2019,"116,480",,,,
7/21/2019,"118,970",,,,
7/22/2019,"119,000",,,,
7/23/2019,"123,000",,,,
7/24/2019,"121,930",,,,
7/25/2019,"119,500",,,,
7/27/2019,"120,940",,,,
7/28/2019,"121,500",,,,
7/29/2019,"120,420",,,,
7/30/2019,"120,500",,,,
7/31/2019,"119,430",,,,
8/1/2019,"119,000",,,,
8/3/2019,"119,910",,,,
8/4/2019,"119,000",,,,
8/5/2019,"118,910",,,,
8/6/2019,"119,420",,,,
8/7/2019,"118,940",,,,
8/8/2019,"118,400",,,,
8/10/2019,"118,000",,,,
8/11/2019,"117,000",,,,
8/12/2019,"117,000",,,,
8/13/2019,"116,910",,,,
8/14/2019,"117,000",,,,
8/15/2019,"117,000",,,,
8/17/2019,"117,000",,,,
8/18/2019,"117,420",,,,
8/19/2019,"116,960",,,,
8/21/2019,"116,420",,,,
8/22/2019,"116,000",,,,
8/24/2019,"115,900",,,,
8/25/2019,"114,500",,,,
8/26/2019,"111,920",,,,
8/27/2019,"111,000",,,,
8/28/2019,"111,950",,,,
8/29/2019,"112,000",,,,
8/31/2019,"113,470",,,,
9/1/2019,"114,000",,,,
9/2/2019,"112,480",,,,
9/3/2019,"114,000",,,,
9/4/2019,"113,420",,,,
9/5/2019,"114,000",,,,
9/7/2019,"113,890",,,,
9/8/2019,"116,000",,,,
9/11/2019,"115,970",,,,
9/12/2019,"114,440",,,,
9/14/2019,"114,000",,,,
9/15/2019,"112,980",,,,
9/16/2019,"113,500",,,,
9/17/2019,"114,000",,,,
9/18/2019,"114,000",,,,
9/19/2019,"114,500",,,,
9/21/2019,"114,500",,,,
9/22/2019,"113,940",,,,
9/23/2019,"113,460",,,,
9/24/2019,"113,500",,,,
9/25/2019,"113,470",,,,
9/26/2019,"113,500",,,,
9/28/2019,"114,500",,,,
9/29/2019,"114,500",,,,
9/30/2019,"115,000",,,,
10/1/2019,"114,410",,,,
10/2/2019,"114,000",,,,
10/3/2019,"114,430",,,,
10/5/2019,"114,450",,,,
10/6/2019,"113,970",,,,
10/7/2019,"114,000",,,,
10/8/2019,"113,930",,,,
10/9/2019,"113,950",,,,
10/10/2019,"114,020",,,,
10/12/2019,"114,070",,,,
10/13/2019,"114,000",,,,
10/14/2019,"113,500",,,,
10/15/2019,"113,530",,,,
10/16/2019,"113,960",,,,
10/17/2019,"114,020",,,,
10/20/2019,"113,890",,,,
10/21/2019,"113,540",,,,
10/22/2019,"112,600",,,,
10/23/2019,"112,550",,,,
10/24/2019,"112,050",,,,
10/26/2019,"111,380",,,,
10/28/2019,"111,410",,,,
10/30/2019,"111,460",,,,
10/31/2019,"111,520",,,,
11/2/2019,"112,440",,,,
11/3/2019,"112,520",,,,
11/4/2019,"113,030",,,,
11/5/2019,"112,900",,,,
11/7/2019,"113,380",,,,
11/9/2019,"113,530",,,,
11/10/2019,"113,510",,,,
11/11/2019,"113,980",,,,
11/12/2019,"114,380",,,,
11/13/2019,"114,480",,,,
11/14/2019,"114,970",,,,
11/16/2019,"119,020",,,,
11/17/2019,"119,030",,,,
11/18/2019,"121,500",,,,
11/19/2019,"119,410",,,,
11/20/2019,"118,920",,,,
11/21/2019,"117,940",,,,
11/23/2019,"117,960",,,,
11/24/2019,"118,960",,,,
11/25/2019,"120,530",,,,
11/26/2019,"123,510",,,,
11/27/2019,"122,460",,,,
11/28/2019,"124,020",,,,
11/30/2019,"125,480",,,,
12/1/2019,"123,920",,,,
12/2/2019,"125,410",,,,
12/3/2019,"124,970",,,,
12/4/2019,"126,940",,,,
12/5/2019,"127,010",,,,
12/7/2019,"128,940",,,,
12/8/2019,"129,430",,,,
12/9/2019,"135,530",,,,
12/10/2019,"138,480",,,,
12/11/2019,"131,040",,,,
12/12/2019,"129,010",,,,
12/14/2019,"126,970",,,,
12/15/2019,"125,520",,,,
12/16/2019,"126,960",,,,
12/17/2019,"127,980",,,,
12/18/2019,"129,020",,,,
12/19/2019,"128,590",,,,
12/21/2019,"129,400",,,,
12/22/2019,"129,870",,,,
12/23/2019,"129,890",,,,
12/24/2019,"129,880",,,,
12/25/2019,"129,700",,,,
12/26/2019,"129,760",,,,
12/28/2019,"129,740",,,,
12/29/2019,"129,580",,,,
12/30/2019,"129,500",,,,
12/31/2019,"129,500",,,,
1/1/2020,"129,590",,,,
1/2/2020,"129,500",,,,
1/4/2020,"133,300",,,,
1/5/2020,"133,300",,,,
1/6/2020,"133,340",,,,
1/7/2020,"133,820",,,,
1/8/2020,"133,850",,,,
1/9/2020,"132,090",,,,
1/11/2020,"130,530",,,,
1/12/2020,"130,500",,,,
1/13/2020,"130,200",,,,
1/14/2020,"130,030",,,,
1/15/2020,"131,070",,,,
1/16/2020,"131,000",,,,
1/18/2020,"130,500",,,,
1/19/2020,"130,000",,,,
1/20/2020,"129,540",,,,
1/21/2020,"129,530",,,,
1/22/2020,"129,500",,,,
1/23/2020,"130,000",,,,
1/25/2020,"133,500",,,,
1/26/2020,"134,000",,,,
1/27/2020,"134,070",,,,
1/28/2020,"134,020",,,,
1/30/2020,"134,540",,,,
2/1/2020,"134,780",,,,
2/2/2020,"134,030",,,,
2/3/2020,"133,890",,,,
2/4/2020,"134,300",,,,
2/5/2020,"134,500",,,,
2/6/2020,"135,060",,,,
2/8/2020,"135,080",,,,
2/9/2020,"135,030",,,,
2/10/2020,"136,040",,,,
2/12/2020,"137,020",,,,
2/13/2020,"138,490",,,,
2/15/2020,"138,490",,,,
2/16/2020,"138,990",,,,
2/17/2020,"139,540",,,,
2/18/2020,"141,990",,,,
2/19/2020,"141,990",,,,
2/20/2020,"142,030",,,,
2/22/2020,"145,290",,,,
2/23/2020,"147,550",,,,
2/24/2020,"146,990",,,,
2/25/2020,"148,010",,,,
2/26/2020,"155,910",,,,
2/27/2020,"157,010",,,,
2/29/2020,"148,980",,,,
3/1/2020,"151,510",,,,
3/2/2020,"155,430",,,,
3/3/2020,"153,350",,,,
3/4/2020,"153,790",,,,
3/5/2020,"149,950",,,,
3/7/2020,"149,960",,,,
3/9/2020,"152,030",,,,
3/10/2020,"151,050",,,,
3/11/2020,"148,550",,,,
3/12/2020,"148,510",,,,
3/14/2020,"148,050",,,,
3/15/2020,"148,030",,,,
3/16/2020,"156,550",,,,
3/17/2020,"157,450",,,,
3/18/2020,"149,030",,,,
4/2/2020,"148,960",,,,
4/4/2020,"157,950",,,,
4/5/2020,"158,030",,,,
4/6/2020,"156,990",,,,
4/7/2020,"156,990",,,,
4/8/2020,"156,090",,,,
4/11/2020,"156,040",,,,
4/12/2020,"155,990",,,,
4/13/2020,"156,000",,,,
4/14/2020,"156,000",,,,
4/15/2020,"156,080",,,,
4/16/2020,"155,000",,,,
4/18/2020,"153,500",,,,
4/19/2020,"152,590",,,,
4/20/2020,"152,560",,,,
4/21/2020,"153,500",,,,
4/22/2020,"155,000",,,,
4/23/2020,"155,030",,,,
4/25/2020,"155,000",,,,
4/26/2020,"156,100",,,,
4/27/2020,"156,000",,,,
4/28/2020,"155,500",,,,
4/29/2020,"155,500",,,,
4/30/2020,"156,000",,,,
5/2/2020,"156,050",,,,
5/3/2020,"156,000",,,,
5/4/2020,"156,070",,,,
5/5/2020,"156,000",,,,
5/6/2020,"157,110",,,,
5/7/2020,"157,000",,,,
5/9/2020,"158,040",,,,
5/10/2020,"162,100",,,,
5/11/2020,"165,000",,,,
5/12/2020,"166,000",,,,
5/13/2020,"168,610",,,,
5/14/2020,"168,540",,,,
5/16/2020,"168,000",,,,
5/17/2020,"170,310",,,,
5/18/2020,"172,000",,,,
5/19/2020,"171,500",,,,
5/20/2020,"173,100",,,,
5/21/2020,"173,050",,,,
5/23/2020,"173,000",,,,
5/26/2020,"173,000",,,,
5/27/2020,"171,580",,,,
5/28/2020,"170,610",,,,
5/30/2020,"171,040",,,,
5/31/2020,"171,000",,,,
6/1/2020,"170,770",,,,
6/2/2020,"170,700",,,,
6/6/2020,"169,830",,,,
6/7/2020,"169,340",,,,
6/8/2020,"169,390",,,,
6/9/2020,"169,300",,,,
6/10/2020,"172,500",,,,
6/11/2020,"177,500",,,,
6/13/2020,"177,560",,,,
6/14/2020,"177,600",,,,
6/15/2020,"178,800",,,,
6/16/2020,"182,100",,,,
6/18/2020,"183,500",,,,
6/20/2020,"186,020",,,,
6/21/2020,"188,020",,,,
6/22/2020,"188,020",,,,
6/23/2020,"195,970",,,,
6/24/2020,"193,020",,,,
6/25/2020,"188,430",,,,
6/27/2020,"188,410",,,,
6/28/2020,"190,430",,,,
6/29/2020,"190,520",,,,
6/30/2020,"189,920",,,,
7/1/2020,"189,440",,,,
7/2/2020,"189,520",,,,
7/4/2020,"208,910",,,,
7/5/2020,"216,470",,,,
7/6/2020,"218,520",,,,
7/7/2020,"217,520",,,,
7/8/2020,"222,020",,,,
7/9/2020,"222,020",,,,
7/11/2020,"222,410",,,,
7/12/2020,"225,520",,,,
7/13/2020,"227,420",,,,
7/14/2020,"227,460",,,,
7/15/2020,"229,410",,,,
7/16/2020,"231,020",,,,
7/18/2020,"230,970",,,,
7/19/2020,"230,950",,,,
7/20/2020,"226,020",,,,
7/21/2020,"204,520",,,,
7/22/2020,"203,430",,,,
7/23/2020,"202,910",,,,
7/25/2020,"203,020",,,,
7/26/2020,"202,950",,,,
7/27/2020,"204,910",,,,
7/28/2020,"204,920",,,,
7/29/2020,"204,990",,,,
7/30/2020,"208,020",,,,
8/1/2020,"213,020",,,,
8/2/2020,"217,020",,,,
8/3/2020,"218,990",,,,
8/4/2020,"222,960",,,,
8/5/2020,"227,020",,,,
8/6/2020,"230,020",,,,
8/9/2020,"218,020",,,,
8/10/2020,"209,910",,,,
8/11/2020,"216,820",,,,
8/12/2020,"218,020",,,,
8/13/2020,"220,500",,,,
8/15/2020,"220,520",,,,
8/16/2020,"219,020",,,,
8/17/2020,"224,490",,,,
8/18/2020,"225,020",,,,
8/19/2020,"223,930",,,,
8/20/2020,"225,020",,,,
8/22/2020,"225,020",,,,
8/23/2020,"224,970",,,,
8/24/2020,"224,820",,,,
8/25/2020,"224,790",,,,
8/26/2020,"229,960",,,,
8/27/2020,"231,020",,,,
8/30/2020,"230,930",,,,
8/31/2020,"231,520",,,,
9/1/2020,"229,000",,,,
9/2/2020,"226,960",,,,
9/3/2020,"224,520",,,,
9/5/2020,"224,520",,,,
9/6/2020,"226,020",,,,
9/7/2020,"225,970",,,,
9/8/2020,"227,520",,,,
9/9/2020,"227,490",,,,
9/10/2020,"228,000",,,,
9/12/2020,"231,570",,,,
9/13/2020,"234,390",,,,
9/14/2020,"235,920",,,,
9/15/2020,"266,020",,,,
9/16/2020,"265,980",,,,
9/17/2020,"267,970",,,,
9/19/2020,"264,480",,,,
9/20/2020,"272,980",,,,
9/21/2020,"269,450",,,,
9/22/2020,"272,030",,,,
9/23/2020,"277,980",,,,
9/24/2020,"277,970",,,,
9/26/2020,"285,060",,,,
9/27/2020,"287,000",,,,
9/28/2020,"289,470",,,,
9/29/2020,"285,020",,,,
9/30/2020,"287,520",,,,
10/1/2020,"289,040",,,,
10/3/2020,"284,490",,,,
10/4/2020,"269,950",,,,
10/5/2020,"281,990",,,,
10/6/2020,"292,000",,,,
10/7/2020,"292,020",,,,
10/10/2020,"299,560",,,,
10/11/2020,"311,450",,,,
10/12/2020,"303,960",,,,
10/13/2020,"313,020",,,,
10/14/2020,"315,000",,,,
10/15/2020,"317,040",,,,
10/18/2020,"318,560",,,,
10/19/2020,"309,030",,,,
10/20/2020,"275,460",,,,
10/21/2020,"288,020",,,,
10/22/2020,"293,750",,,,
10/24/2020,"290,000",,,,
10/26/2020,"279,860",,,,
10/27/2020,"282,250",,,,
10/28/2020,"278,470",,,,
10/29/2020,"277,500",,,,
10/31/2020,"268,720",,,,
11/1/2020,"272,060",,,,
11/2/2020,"282,420",,,,
11/4/2020,"289,270",,,,
11/5/2020,"263,550",,,,
11/7/2020,"244,990",,,,
11/8/2020,"234,990",,,,
11/9/2020,"247,990",,,,
11/10/2020,"270,990",,,,
11/11/2020,"269,990",,,,
11/12/2020,"268,520",,,,
11/14/2020,"267,530",,,,
11/15/2020,"260,030",,,,
11/16/2020,"258,980",,,,
11/17/2020,"258,970",,,,
11/18/2020,"256,220",,,,
11/19/2020,"256,200",,,,
11/21/2020,"259,550",,,,
11/22/2020,"254,530",,,,
11/23/2020,"255,450",,,,
11/24/2020,"250,460",,,,
11/25/2020,"249,500",,,,
11/26/2020,"247,570",,,,
11/28/2020,"247,530",,,,
11/29/2020,"245,510",,,,
11/30/2020,"250,030",,,,
12/1/2020,"256,160",,,,
12/2/2020,"256,230",,,,
12/3/2020,"254,680",,,,
12/5/2020,"257,020",,,,
12/6/2020,"255,950",,,,
12/7/2020,"255,950",,,,
12/8/2020,"255,940",,,,
12/9/2020,"259,770",,,,
12/10/2020,"260,650",,,,
12/12/2020,"260,050",,,,
12/13/2020,"258,040",,,,
12/14/2020,"256,950",,,,
12/15/2020,"258,540",,,,
12/16/2020,"258,030",,,,
12/17/2020,"258,020",,,,
12/19/2020,"254,990",,,,
12/20/2020,"253,960",,,,
12/21/2020,"254,470",,,,
12/22/2020,"255,160",,,,
12/23/2020,"257,850",,,,
12/24/2020,"258,620",,,,
12/26/2020,"257,110",,,,
12/27/2020,"257,430",,,,
12/28/2020,"257,360",,,,
12/29/2020,"256,960",,,,
12/30/2020,"257,040",,,,
12/31/2020,"257,010",,,,
1/2/2021,"256,190",,,,
1/3/2021,"255,670",,,,
1/4/2021,"257,640",,,,
1/5/2021,"259,020",,,,
1/6/2021,"258,540",,,,
1/7/2021,"255,510",,,,
1/9/2021,"248,660",,,,
1/10/2021,"248,520",,,,
1/11/2021,"248,490",,,,
1/12/2021,"248,440",,,,
1/13/2021,"244,980",,,,
1/14/2021,"239,530",,,,
1/16/2021,"229,470",,,,
1/18/2021,"218,010",,,,
1/19/2021,"217,950",,,,
1/20/2021,"227,520",,,,
1/21/2021,"226,550",,,,
1/23/2021,"224,320",,,,
1/24/2021,"224,340",,,,
1/25/2021,"229,660",,,,
1/26/2021,"229,180",,,,
1/27/2021,"234,130",,,,
1/28/2021,"232,110",,,,
1/30/2021,"237,170",,,,
1/31/2021,"239,210",,,,
2/1/2021,"238,720",,,,
2/2/2021,"238,710",,,,
2/3/2021,"237,660",,,,
2/4/2021,"237,470",,,,
2/6/2021,"237,550",,,,
2/7/2021,"236,960",,,,
2/8/2021,"236,940",,,,
2/9/2021,"241,030",,,,
2/11/2021,"246,960",,,,
2/13/2021,"249,810",,,,
2/14/2021,"249,770",,,,
2/15/2021,"249,740",,,,
2/16/2021,"249,740",,,,
2/17/2021,"251,750",,,,
2/18/2021,"251,710",,,,
2/20/2021,"249,990",,,,
2/21/2021,"242,530",,,,
2/22/2021,"241,880",,,,
2/23/2021,"246,420",,,,
2/24/2021,"248,210",,,,
2/27/2021,"252,400",,,,
2/28/2021,"247,050",,,,
3/1/2021,"247,480",,,,
3/2/2021,"244,370",,,,
3/3/2021,"246,680",,,,
3/4/2021,"246,610",,,,
3/6/2021,"242,710",,,,
3/7/2021,"239,900",,,,
3/8/2021,"243,210",,,,
3/9/2021,"242,070",,,,
3/10/2021,"242,420",,,,
3/13/2021,"241,770",,,,
3/14/2021,"239,170",,,,
3/15/2021,"239,170",,,,
3/16/2021,"240,890",,,,
3/17/2021,"240,400",,,,
3/18/2021,"239,630",,,,
3/27/2021,"247,560",,,,
3/28/2021,"252,330",,,,
3/30/2021,"252,540",,,,
3/31/2021,"252,040",,,,
4/1/2021,"252,100",,,,
4/3/2021,"244,650",,,,
4/4/2021,"242,720",,,,
4/5/2021,"244,050",,,,
4/6/2021,"247,110",,,,
4/7/2021,"244,620",,,,
4/8/2021,"244,660",,,,
4/10/2021,"241,880",,,,
4/11/2021,"242,850",,,,
4/12/2021,"242,960",,,,
4/13/2021,"240,900",,,,
4/14/2021,"242,350",,,,
4/15/2021,"239,870",,,,
4/17/2021,"239,930",,,,
4/18/2021,"238,820",,,,
4/19/2021,"238,170",,,,
4/20/2021,"233,740",,,,
4/21/2021,"233,690",,,,
4/22/2021,"233,300",,,,
4/24/2021,"233,370",,,,
4/25/2021,"233,390",,,,
4/26/2021,"232,760",,,,
4/27/2021,"232,610",,,,
4/28/2021,"232,330",,,,
4/29/2021,"232,310",,,,
5/1/2021,"229,100",,,,
5/2/2021,"218,380",,,,
5/3/2021,"217,310",,,,
5/5/2021,"209,450",,,,
5/6/2021,"206,480",,,,
5/8/2021,"206,370",,,,
5/9/2021,"207,260",,,,
5/10/2021,"216,130",,,,
5/11/2021,"221,850",,,,
5/12/2021,"219,750",,,,
5/13/2021,"216,130",,,,
5/15/2021,"220,500",,,,
5/16/2021,"224,140",,,,
5/17/2021,"222,190",,,,
5/18/2021,"225,340",,,,
5/19/2021,"221,790",,,,
5/20/2021,"223,000",,,,
5/22/2021,"223,490",,,,
5/23/2021,"223,510",,,,
5/24/2021,"224,110",,,,
5/25/2021,"224,100",,,,
5/26/2021,"225,160",,,,
5/27/2021,"231,470",,,,
5/29/2021,"234,660",,,,
5/30/2021,"238,570",,,,
5/31/2021,"234,060",,,,
6/1/2021,"234,160",,,,
6/2/2021,"234,240",,,,
6/3/2021,"234,330",,,,
6/7/2021,"235,950",,,,
6/8/2021,"235,490",,,,
6/9/2021,"241,440",,,,
6/10/2021,"239,230",,,,
6/12/2021,"237,750",,,,
6/13/2021,"241,030",,,,
6/14/2021,"239,720",,,,
6/15/2021,"240,490",,,,
6/16/2021,"241,750",,,,
6/17/2021,"244,290",,,,
6/19/2021,"234,890",,,,
6/20/2021,"239,600",,,,
6/21/2021,"240,990",,,,
6/22/2021,"242,670",,,,
6/23/2021,"241,790",,,,
6/24/2021,"241,890",,,,
6/26/2021,"244,540",,,,
6/27/2021,"246,770",,,,
6/28/2021,"247,120",,,,
6/29/2021,"249,650",,,,
6/30/2021,"254,000",,,,
7/1/2021,"251,510",,,,
7/3/2021,"252,360",,,,
7/4/2021,"251,510",,,,
7/5/2021,"249,720",,,,
7/6/2021,"251,090",,,,
7/7/2021,"250,860",,,,
7/8/2021,"250,190",,,,
7/10/2021,"249,490",,,,
7/11/2021,"249,990",,,,
7/12/2021,"249,690",,,,
7/13/2021,"247,590",,,,
7/14/2021,"246,040",,,,
7/15/2021,"246,990",,,,
7/17/2021,"247,290",,,,
7/18/2021,"245,290",,,,
7/19/2021,"244,640",,,,
7/20/2021,"245,190",,,,
7/22/2021,"246,280",,,,
7/24/2021,"247,090",,,,
7/25/2021,"247,790",,,,
7/26/2021,"250,490",,,,
7/27/2021,"251,660",,,,
7/28/2021,"255,990",,,,
7/31/2021,"257,290",,,,
8/1/2021,"254,890",,,,
8/2/2021,"255,190",,,,
8/3/2021,"257,290",,,,
8/4/2021,"256,190",,,,
8/5/2021,"256,190",,,,
8/7/2021,"256,380",,,,
8/8/2021,"256,890",,,,
8/9/2021,"259,090",,,,
8/10/2021,"263,340",,,,
8/11/2021,"266,090",,,,
8/12/2021,"264,290",,,,
8/14/2021,"263,190",,,,
8/15/2021,"268,990",,,,
8/16/2021,"269,070",,,,
8/17/2021,"268,990",,,,
8/21/2021,"272,500",,,,
8/22/2021,"274,490",,,,
8/23/2021,"276,590",,,,
8/24/2021,"276,530",,,,
8/25/2021,"278,490",,,,
8/26/2021,"278,990",,,,
8/28/2021,"282,010",,,,
8/29/2021,"276,080",,,,
8/30/2021,"270,640",,,,
8/31/2021,"274,220",,,,
9/1/2021,"270,350",,,,
9/2/2021,"272,910",,,,
9/4/2021,"270,310",,,,
9/5/2021,"270,680",,,,
9/6/2021,"271,210",,,,
9/7/2021,"273,810",,,,
9/8/2021,"276,810",,,,
9/9/2021,"278,270",,,,
9/11/2021,"277,310",,,,
9/12/2021,"272,510",,,,
9/13/2021,"273,110",,,,
9/14/2021,"276,470",,,,
9/15/2021,"273,210",,,,
9/16/2021,"274,460",,,,
9/18/2021,"273,710",,,,
9/19/2021,"274,650",,,,
9/20/2021,"274,430",,,,
9/21/2021,"274,030",,,,
9/22/2021,"275,210",,,,
9/23/2021,"276,810",,,,
9/25/2021,"275,610",,,,
9/26/2021,"276,810",,,,
9/28/2021,"280,710",,,,
9/29/2021,"282,510",,,,
9/30/2021,"284,710",,,,
10/2/2021,"282,010",,,,
10/3/2021,"280,410",,,,
10/4/2021,"281,360",,,,
10/6/2021,"279,320",,,,
10/9/2021,"275,600",,,,
10/10/2021,"275,810",,,,
10/11/2021,"273,330",,,,
10/12/2021,"270,730",,,,
10/13/2021,"271,560",,,,
10/14/2021,"270,870",,,,
10/16/2021,"272,850",,,,
10/17/2021,"271,820",,,,
10/18/2021,"272,640",,,,
10/19/2021,"274,830",,,,
10/20/2021,"273,080",,,,
10/21/2021,"274,150",,,,
10/23/2021,"276,030",,,,
10/25/2021,"275,620",,,,
10/26/2021,"275,770",,,,
10/27/2021,"276,780",,,,
10/28/2021,"276,570",,,,
10/30/2021,"276,140",,,,
10/31/2021,"275,750",,,,
11/1/2021,"275,070",,,,
11/2/2021,"276,010",,,,
11/3/2021,"278,970",,,,
11/4/2021,"276,510",,,,
11/6/2021,"278,240",,,,
11/7/2021,"279,910",,,,
11/8/2021,"280,240",,,,
11/9/2021,"281,060",,,,
11/10/2021,"283,660",,,,
11/11/2021,"284,240",,,,
11/13/2021,"286,400",,,,
11/14/2021,"285,230",,,,
11/15/2021,"280,280",,,,
11/16/2021,"279,930",,,,
11/17/2021,"279,700",,,,
11/18/2021,"281,400",,,,
11/20/2021,"280,770",,,,
11/21/2021,"282,960",,,,
11/22/2021,"283,870",,,,
11/23/2021,"286,010",,,,
11/24/2021,"291,020",,,,
11/25/2021,"288,080",,,,
11/27/2021,"282,100",,,,
11/28/2021,"273,700",,,,
11/29/2021,"291,200",,,,
11/30/2021,"289,070",,,,
12/1/2021,"266,170",,,,
12/2/2021,"273,240",,,,
12/4/2021,"279,750",,,,
12/5/2021,"278,640",,,,
12/6/2021,"278,240",,,,
12/7/2021,"278,130",,,,
12/8/2021,"277,770",,,,
12/9/2021,"277,040",,,,
12/11/2021,"276,950",,,,
12/12/2021,"276,930",,,,
12/13/2021,"274,790",,,,
12/14/2021,"274,140",,,,
12/15/2021,"274,110",,,,
12/16/2021,"274,170",,,,
12/18/2021,"274,420",,,,
12/19/2021,"274,020",,,,
12/20/2021,"273,860",,,,
12/21/2021,"273,010",,,,
12/22/2021,"274,020",,,,
12/23/2021,"274,020",,,,
12/25/2021,"274,020",,,,
12/26/2021,"273,990",,,,
12/27/2021,"274,020",,,,
12/28/2021,"273,880",,,,
12/29/2021,"274,330",,,,
12/30/2021,"273,880",,,,
1/1/2022,"273,950",,,,
1/2/2022,"273,950",,,,
1/3/2022,"273,950",,,,
1/4/2022,"269,900",,,,
1/5/2022,"269,900",,,,
1/8/2022,"268,890",,,,
1/9/2022,"268,310",,,,
1/10/2022,"267,380",,,,
1/11/2022,"267,050",,,,
1/12/2022,"266,670",,,,
1/13/2022,"277,400",,,,
1/15/2022,"274,530",,,,
1/16/2022,"275,080",,,,
1/17/2022,"272,850",,,,
1/18/2022,"273,490",,,,
1/19/2022,"274,760",,,,
1/20/2022,"275,250",,,,
1/22/2022,"275,230",,,,
1/23/2022,"277,640",,,,
1/24/2022,"279,790",,,,
1/25/2022,"277,760",,,,
1/26/2022,"278,610",,,,
1/27/2022,"277,710",,,,
1/29/2022,"279,270",,,,
1/30/2022,"278,880",,,,
1/31/2022,"276,870",,,,
2/1/2022,"274,580",,,,
2/2/2022,"272,550",,,,
2/3/2022,"272,650",,,,
2/5/2022,"263,660",,,,
2/6/2022,"267,610",,,,
2/7/2022,"264,480",,,,
2/8/2022,"260,580",,,,
2/9/2022,"262,340",,,,
2/10/2022,"262,270",,,,
2/12/2022,"264,590",,,,
2/13/2022,"268,640",,,,
2/14/2022,"269,700",,,,
2/16/2022,"265,100",,,,
2/17/2022,"263,290",,,,
2/19/2022,"260,090",,,,
2/20/2022,"254,090",,,,
2/21/2022,"258,040",,,,
2/22/2022,"260,370",,,,
2/23/2022,"259,370",,,,
2/24/2022,"261,440",,,,
2/26/2022,"260,370",,,,
2/27/2022,"259,950",,,,
2/28/2022,"259,650",,,,
3/2/2022,"255,720",,,,
3/3/2022,"256,150",,,,
3/5/2022,"254,300",,,,
3/6/2022,"253,830",,,,
3/7/2022,"258,180",,,,
3/8/2022,"260,410",,,,
3/9/2022,"257,450",,,,
3/10/2022,"256,960",,,,
3/12/2022,"258,980",,,,
3/13/2022,"264,170",,,,
3/14/2022,"262,650",,,,
3/15/2022,"263,620",,,,
3/16/2022,"263,790",,,,
3/17/2022,"262,300",,,,
3/26/2022,"262,340",,,,
3/27/2022,"262,590",,,,
3/28/2022,"266,620",,,,
3/29/2022,"270,250",,,,
3/30/2022,"270,670",,,,
3/31/2022,"271,140",,,,
4/3/2022,"269,020",,,,
4/4/2022,"269,880",,,,
4/5/2022,"275,270",,,,
4/6/2022,"272,670",,,,
4/7/2022,"274,830",,,,
4/9/2022,"276,930",,,,
4/10/2022,"279,090",,,,
4/11/2022,"279,450",,,,
4/12/2022,"278,900",,,,
4/13/2022,"278,050",,,,
4/14/2022,"277,910",,,,
4/16/2022,"278,910",,,,
4/17/2022,"278,970",,,,
4/18/2022,"276,510",,,,
4/19/2022,"275,720",,,,
4/20/2022,"277,350",,,,
4/21/2022,"278,640",,,,
4/24/2022,"278,060",,,,
4/25/2022,"278,410",,,,
4/26/2022,"279,350",,,,
4/27/2022,"280,380",,,,
4/28/2022,"279,500",,,,
4/30/2022,"279,220",,,,
5/1/2022,"279,560",,,,
5/2/2022,"280,210",,,,
5/5/2022,"280,560",,,,
5/7/2022,"281,760",,,,
5/8/2022,"281,030",,,,
5/9/2022,"282,290",,,,
5/10/2022,"287,410",,,,
5/11/2022,"255,800",,,,
8/30/2022,"297,610",,,,
8/31/2022,"299,050",,,,
9/1/2022,"298,470",,,,
9/3/2022,"299,450",,,,
9/4/2022,"302,560",,,,
9/5/2022,"302,170",,,,
9/6/2022,"302,480",,,,
9/7/2022,"302,170",,,,
9/8/2022,"302,410",,,,
9/10/2022,"303,750",,,,
9/11/2022,"309,020",,,,
9/12/2022,"309,760",,,,
9/13/2022,"316,480",,,,
9/14/2022,"313,720",,,,
9/15/2022,"315,560",,,,
9/18/2022,"315,360",,,,
9/19/2022,"316,520",,,,
9/20/2022,"316,820",,,,
9/21/2022,"317,120",,,,
9/22/2022,"316,660",,,,
9/24/2022,"317,010",,,,
9/26/2022,"316,810",,,,
9/28/2022,"318,310",,,,
9/29/2022,"318,480",,,,
10/1/2022,"331,170",,,,
10/2/2022,"331,460",,,,
10/3/2022,"332,460",,,,
10/4/2022,"331,020",,,,
10/6/2022,"326,610",,,,
10/8/2022,"326,190",,,,
10/9/2022,"323,020",,,,
10/10/2022,"324,960",,,,
10/11/2022,"327,520",,,,
10/12/2022,"326,510",,,,
10/13/2022,"329,460",,,,
10/15/2022,"328,020",,,,
10/16/2022,"331,210",,,,
10/17/2022,"328,620",,,,
10/18/2022,"328,390",,,,
10/19/2022,"327,970",,,,
10/20/2022,"326,550",,,,
10/22/2022,"327,660",,,,
10/23/2022,"328,150",,,,
10/24/2022,"327,720",,,,
10/25/2022,"328,760",,,,
10/26/2022,"328,810",,,,
10/27/2022,"330,520",,,,
10/29/2022,"329,150",,,,
10/30/2022,"329,770",,,,
10/31/2022,"351,820",,,,
11/9/2022,"353,890",,,,
11/10/2022,"350,590",,,,
11/12/2022,"349,410",,,,
11/13/2022,"353,520",,,,
11/14/2022,"352,490",,,,
11/15/2022,"352,450",,,,
11/16/2022,"351,450",,,,
11/17/2022,"347,510",,,,
11/19/2022,"348,170",,,,
11/20/2022,"351,600",,,,
11/21/2022,"352,000",,,,
11/22/2022,"348,800",,,,
11/23/2022,"347,990",,,,
11/24/2022,"352,900",,,,
11/26/2022,"352,620",,,,
11/27/2022,"354,700",,,,
11/28/2022,"358,120",,,,
11/29/2022,"354,500",,,,
11/30/2022,"354,500",,,,
12/1/2022,"356,950",,,,
12/3/2022,"357,240",,,,
12/4/2022,"357,500",,,,
12/5/2022,"358,500",,,,
12/6/2022,"358,970",,,,
12/7/2022,"359,300",,,,
12/8/2022,"358,620",,,,
12/10/2022,"361,070",,,,
12/11/2022,"372,000",,,,
12/12/2022,"375,600",,,,
12/13/2022,"374,350",,,,
12/14/2022,"379,300",,,,
12/17/2022,"386,910",,,,
12/18/2022,"385,330",,,,
12/19/2022,"388,320",,,,
12/20/2022,"384,670",,,,
12/21/2022,"384,080",,,,
12/22/2022,"390,500",,,,
12/24/2022,"395,620",,,,
12/25/2022,"395,650",,,,
12/26/2022,"397,210",,,,
12/28/2022,"403,000",,,,
12/29/2022,"418,960",,,,
12/31/2022,"389,000",,,,
1/1/2023,"393,000",,,,
1/2/2023,"387,590",,,,
1/3/2023,"397,530",,,,
1/4/2023,"391,420",,,,
1/5/2023,"394,830",,,,
1/7/2023,"401,440",,,,
1/8/2023,"402,820",,,,
1/9/2023,"400,410",,,,
1/10/2023,"402,000",,,,
1/11/2023,"404,740",,,,
1/12/2023,"405,140",,,,
1/14/2023,"402,650",,,,
1/15/2023,"401,390",,,,
1/16/2023,"402,850",,,,
1/17/2023,"410,390",,,,
1/18/2023,"423,240",,,,
1/19/2023,"420,030",,,,
1/21/2023,"430,030",,,,
1/22/2023,"444,320",,,,
1/23/2023,"432,000",,,,
1/24/2023,"425,000",,,,
1/25/2023,"420,640",,,,
1/26/2023,"424,340",,,,
1/28/2023,"437,130",,,,
1/29/2023,"438,810",,,,
1/30/2023,"436,560",,,,
1/31/2023,"437,290",,,,
2/1/2023,"436,440",,,,
2/2/2023,"436,100",,,,
2/5/2023,"435,570",,,,
2/6/2023,"435,370",,,,
2/7/2023,"435,020",,,,
2/8/2023,"434,500",,,,
2/9/2023,"434,130",,,,
2/12/2023,"433,820",,,,
2/13/2023,"434,130",,,,
2/14/2023,"434,110",,,,
2/15/2023,"450,180",,,,
2/16/2023,"451,120",,,,
2/19/2023,"452,050",,,,
2/20/2023,"452,020",,,,
2/21/2023,"415,600",,,,
2/22/2023,"415,490",,,,
2/23/2023,"417,000",,,,
2/25/2023,"417,590",,,,
2/26/2023,"426,810",,,,
2/27/2023,"430,920",,,,
2/28/2023,"433,370",,,,
3/1/2023,"438,150",,,,
3/2/2023,"446,470",,,,
3/4/2023,"525,000",,,,
3/5/2023,"501,000",,,,
3/6/2023,"498,890",,,,
3/7/2023,"491,350",,,,
3/9/2023,"486,670",,,,
3/11/2023,"439,200",,,,
3/12/2023,"432,200",,,,
3/13/2023,"448,170",,,,
3/14/2023,"459,910",,,,
3/15/2023,"460,460",,,,
3/16/2023,"456,320",,,,
3/18/2023,"459,880",,,,
3/19/2023,"538,000",,,,
4/3/2023,"515,100",,,,
4/4/2023,"507,800",,,,
4/5/2023,"507,950",,,,
4/6/2023,"507,060",,,,
4/8/2023,"507,830",,,,
4/9/2023,"499,900",,,,
4/10/2023,"503,310",,,,
4/11/2023,"508,020",,,,
4/13/2023,"508,980",,,,
4/15/2023,"508,400",,,,
4/16/2023,"511,440",,,,
4/17/2023,"513,050",,,,
4/18/2023,"517,600",,,,
4/19/2023,"517,030",,,,
4/20/2023,"514,050",,,,
4/24/2023,"517,460",,,,
4/25/2023,"516,020",,,,
4/26/2023,"522,010",,,,
4/27/2023,"532,830",,,,
4/29/2023,"541,830",,,,
4/30/2023,"545,930",,,,
5/1/2023,"550,510",,,,
5/2/2023,"540,520",,,,
5/3/2023,"535,240",,,,
5/4/2023,"536,840",,,,
5/6/2023,"533,370",,,,
5/7/2023,"525,430",,,,
5/8/2023,"534,040",,,,
5/9/2023,"531,840",,,,
5/10/2023,"529,510",,,,
5/11/2023,"530,360",,,,
5/13/2023,"520,900",,,,
5/14/2023,"514,070",,,,
5/15/2023,"520,050",,,,
5/17/2023,"510,850",,,,
5/18/2023,"510,980",,,,
5/20/2023,"513,530",,,,
5/21/2023,"517,480",,,,
5/22/2023,"521,360",,,,
5/23/2023,"520,480",,,,
5/24/2023,"513,060",,,,
5/25/2023,"514,320",,,,
5/27/2023,"517,850",,,,
5/28/2023,"515,120",,,,
5/29/2023,"517,170",,,,
5/30/2023,"512,520",,,,
5/31/2023,"508,340",,,,
6/1/2023,"510,890",,,,
6/3/2023,"510,230",,,,
6/6/2023,"507,990",,,,
6/7/2023,"494,390",,,,
6/8/2023,"490,840",,,,
6/10/2023,"493,390",,,,
6/11/2023,"469,830",,,,
6/12/2023,"481,750",,,,
6/13/2023,"498,810",,,,
6/14/2023,"488,550",,,,
6/15/2023,"488,100",,,,
6/17/2023,"493,180",,,,
6/18/2023,"491,980",,,,
6/19/2023,"486,840",,,,
6/20/2023,"489,390",,,,
6/21/2023,"485,730",,,,
6/22/2023,"497,130",,,,
6/24/2023,"508,610",,,,
6/25/2023,"499,400",,,,
6/26/2023,"497,810",,,,
6/27/2023,"492,820",,,,
6/28/2023,"492,230",,,,
7/1/2023,"498,220",,,,
7/2/2023,"499,340",,,,
7/3/2023,"502,000",,,,
7/4/2023,"500,750",,,,
7/5/2023,"500,950",,,,
